product_id,image_path,colour,design,title,price,fabric,brand,seg_path,design_source
3PRST25V324S_999,images/3PRST25V324S_999.JPG,beige,embroidered,Embroidered Cotton Jacquard Shirt,11193,Cotton Jacquard,Sapphire,images_seg/3PRST25V324S_999.png,title
3PRST25V318S_999,images/3PRST25V318S_999.JPG,white,embroidered,Embroidered Cotton Shirt,9093,Textured Cotton,Sapphire,images_seg/3PRST25V318S_999.png,title
SDEPRW25V518_999,images/SDEPRW25V518_999.JPG,green,embroidered,Embroidered Herringbone Shirt,4193,HERRINGBONE,Sapphire,images_seg/SDEPRW25V518_999.png,title
SDEPRW25V524_999,images/SDEPRW25V524_999.JPG,pink,embroidered,Embroidered Herringbone Shirt,3493,HERRINGBONE,Sapphire,images_seg/SDEPRW25V524_999.png,title
03PCDFW25V41_999,images/03PCDFW25V41_999.JPG,lilac,embroidered,Embroidered Light Khaddar Shirt,3213,Light Khaddar,Sapphire,images_seg/03PCDFW25V41_999.png,title
3PCDFW25V416_999,images/3PCDFW25V416_999.JPG,purple,printed,Printed Light Khaddar Shirt,2513,Light Khaddar,Sapphire,images_seg/3PCDFW25V416_999.png,title
F3PELXW25V31_999,images/F3PELXW25V31_999.JPG,purple,embroidered,Embroidered Karandi Shirt,7794,Blended Textured Karandi,Sapphire,images_seg/F3PELXW25V31_999.png,title
2STPRW25V384_999,images/2STPRW25V384_999.JPG,yellow,solid,Solid Cotton Shirt,2513,Textured Cotton,Sapphire,images_seg/2STPRW25V384_999.png,title
F3PELXW25V43_999,images/F3PELXW25V43_999.JPG,pink,embroidered,3 Piece - Embroidered Karandi Suit,16093,Blended Textured Karandi,Sapphire,images_seg/F3PELXW25V43_999.png,title
00T1SLW25V42_999,images/00T1SLW25V42_999.JPG,blue,printed,Printed Silk Kaftan,6013,Premium Grip,Sapphire,images_seg/00T1SLW25V42_999.png,title
F3PELXW25V35_999,images/F3PELXW25V35_999.JPG,rust,embroidered,Embroidered Raw Silk Shirt,9093,Viscose Raw Silk,Sapphire,images_seg/F3PELXW25V35_999.png,title
2STPRW25V388_999,images/2STPRW25V388_999.JPG,orange,solid,Solid Cotton Shirt,2513,Textured Cotton,Sapphire,images_seg/2STPRW25V388_999.png,title
02SDPRW25V48_999,images/02SDPRW25V48_999.JPG,white,printed,Printed Cotton Viscose Shirt,2513,Cotton Viscose,Sapphire,images_seg/02SDPRW25V48_999.png,title
0PRSTW25V313_999,images/0PRSTW25V313_999.JPG,white,printed,Printed Viscose Shirt,2513,Textured Viscose,Sapphire,images_seg/0PRSTW25V313_999.png,title
03PPRW25V328_999,images/03PPRW25V328_999.JPG,green,printed,Printed Cotton Viscose Shirt,2653,Cotton Viscose,Sapphire,images_seg/03PPRW25V328_999.png,title
3PRST25V320S_999,images/3PRST25V320S_999.JPG,red,embroidered,Embroidered Cotton Shirt,11193,Textured Cotton,Sapphire,images_seg/3PRST25V320S_999.png,title
2SDEPRW25V39_999,images/2SDEPRW25V39_999.JPG,maroon,embroidered,Embroidered Cotton Viscose Shirt,4193,Cotton Viscose,Sapphire,images_seg/2SDEPRW25V39_999.png,title
03PPRW25V325_999,images/03PPRW25V325_999.JPG,green,printed,Printed Cotton Viscose Shirt,2653,Cotton Viscose,Sapphire,images_seg/03PPRW25V325_999.png,title
03PEPRW25V38_999,images/03PEPRW25V38_999.JPG,beige,embroidered,Embroidered Viscose Shirt,5593,Textured Viscose,Sapphire,images_seg/03PEPRW25V38_999.png,title
F3PELXW25V33_999,images/F3PELXW25V33_999.JPG,yellow,embroidered,Embroidered Karandi Shirt,10493,Blended Textured Karandi,Sapphire,images_seg/F3PELXW25V33_999.png,title
TESTREW25V38_999,images/TESTREW25V38_999.JPG,white,printed,Printed Cambric Shirt,2653,Cambric,Sapphire,images_seg/TESTREW25V38_999.png,title
03PEPRW25V35_999,images/03PEPRW25V35_999.JPG,green,embroidered,Embroidered Viscose Shirt,4893,Textured Viscose,Sapphire,images_seg/03PEPRW25V35_999.png,title
0FSTLXW25V22_999,images/0FSTLXW25V22_999.JPG,peach,embroidered,3 Piece - Embroidered Cotton Net Suit,10493,Silk Cotton Net,Sapphire,images_seg/0FSTLXW25V22_999.png,title
0PRSTW25V315_999,images/0PRSTW25V315_999.JPG,orange,printed,Printed Viscose Shirt,2303,Textured Viscose,Sapphire,images_seg/0PRSTW25V315_999.png,title
0FSTLXW25V44_999,images/0FSTLXW25V44_999.JPG,blue,embroidered,3 Piece - Embroidered Cotton Net Suit,11193,Blended Silk Cotton Net,Sapphire,images_seg/0FSTLXW25V44_999.png,title
F3PELXW25V34_999,images/F3PELXW25V34_999.JPG,grey,embroidered,Embroidered Karandi Shirt,5994,Blended Textured Karandi,Sapphire,images_seg/F3PELXW25V34_999.png,title
2STDYW25V343_999,images/2STDYW25V343_999.JPG,brown,solid,Solid Cambric Shirt,3493,Cambric,Sapphire,images_seg/2STDYW25V343_999.png,title
F3PLXW25V318_999,images/F3PLXW25V318_999.JPG,pink,embroidered,Embroidered Raw Silk Shirt,9093,Viscose Raw Silk,Sapphire,images_seg/F3PLXW25V318_999.png,title
3PCDFW25V312_999,images/3PCDFW25V312_999.JPG,yellow,embroidered,Embroidered Cotton Viscose Shirt,2154,Cotton Viscose,Sapphire,images_seg/3PCDFW25V312_999.png,title
F3PLXW25V315_999,images/F3PLXW25V315_999.JPG,black,embroidered,Embroidered Raw Silk Shirt,7693,Viscose Raw Silk,Sapphire,images_seg/F3PLXW25V315_999.png,title
03PPRW25V315_999,images/03PPRW25V315_999.JPG,brown,printed,Printed Cotton Viscose Shirt,2653,Cotton Viscose,Sapphire,images_seg/03PPRW25V315_999.png,title
2STDYW25V344_999,images/2STDYW25V344_999.JPG,beige,solid,Solid Cambric Shirt,3493,Cambric,Sapphire,images_seg/2STDYW25V344_999.png,title
0PRSTW25V316_999,images/0PRSTW25V316_999.JPG,white,printed,Printed Viscose Shirt,2513,Textured Viscose,Sapphire,images_seg/0PRSTW25V316_999.png,title
TEPRW25V380T_999,images/TEPRW25V380T_999.jpg,brown,embroidered,Light Khaddar Flared Pants,1603,LIGHT KHADDAR,Sapphire,images_seg/TEPRW25V380T_999.png,clip
2SEPRW25V360_999,images/2SEPRW25V360_999.jpg,green,printed,Printed Lawn Viscose Shirt,2303,Lawn Viscose,Sapphire,images_seg/2SEPRW25V360_999.png,title
2TEPRW25V374_999,images/2TEPRW25V374_999.jpg,green,embroidered,Embroidered Cambric Shirt,4193,CAMBRIC,Sapphire,images_seg/2TEPRW25V374_999.png,title
3PEPRW25V355_999,images/3PEPRW25V355_999.JPG,white,embroidered,Embroidered Cotton Viscose Shirt,5593,Cotton Viscose,Sapphire,images_seg/3PEPRW25V355_999.png,title
2SEPRW25V363_999,images/2SEPRW25V363_999.JPG,pink,printed,Printed Lawn Viscose Shirt,2793,Lawn Viscose,Sapphire,images_seg/2SEPRW25V363_999.png,title
2TEPRW25V377_999,images/2TEPRW25V377_999.jpg,red,embroidered,Embroidered Cambric Shirt,4613,CAMBRIC,Sapphire,images_seg/2TEPRW25V377_999.png,title
2VCREPW25V35_999,images/2VCREPW25V35_999.JPG,peach,embroidered,Embroidered Cotton Jacquard Shirt,5593,Cotton Jacquard,Sapphire,images_seg/2VCREPW25V35_999.png,title
03PPRW25V366_999,images/03PPRW25V366_999.JPG,purple,printed,Printed Viscose Linen Shirt,2653,Viscose Linen,Sapphire,images_seg/03PPRW25V366_999.png,title
2TEPRW25V380_999,images/2TEPRW25V380_999.jpg,brown,embroidered,Embroidered Cambric Shirt,4193,CAMBRIC,Sapphire,images_seg/2TEPRW25V380_999.png,title
3PEPRW25V356_999,images/3PEPRW25V356_999.JPG,green,embroidered,Embroidered Cotton Viscose Shirt,6013,Cotton Viscose,Sapphire,images_seg/3PEPRW25V356_999.png,title
03PPRW25V368_999,images/03PPRW25V368_999.JPG,beige,printed,Printed Viscose Linen Shirt,2793,Viscose Linen,Sapphire,images_seg/03PPRW25V368_999.png,title
03PPRW25V365_999,images/03PPRW25V365_999.JPG,green,printed,Printed Viscose Linen Shirt,2303,Viscose Linen,Sapphire,images_seg/03PPRW25V365_999.png,title
3PEPRW25V354_999,images/3PEPRW25V354_999.JPG,blue,embroidered,Embroidered Cotton Viscose Shirt,4893,Cotton Viscose,Sapphire,images_seg/3PEPRW25V354_999.png,title
2VCREPW25V36_999,images/2VCREPW25V36_999.JPG,maroon,embroidered,Embroidered Cotton Jacquard Shirt,4613,Cotton Jacquard,Sapphire,images_seg/2VCREPW25V36_999.png,title
3PESDW25V246_999,images/3PESDW25V246_999.jpg,white,embroidered,Embroidered Cotton Satin Shirt,5154,Cotton Satin,Sapphire,images_seg/3PESDW25V246_999.png,title
3PEPRW25V335_999,images/3PEPRW25V335_999.jpg,blue,embroidered,Embroidered Cotton Viscose Shirt,2793,Cotton Viscose,Sapphire,images_seg/3PEPRW25V335_999.png,title
3PEPRW25V228_999,images/3PEPRW25V228_999.jpg,blue,embroidered,Embroidered Cotton Satin Shirt,4194,Cotton Satin,Sapphire,images_seg/3PEPRW25V228_999.png,title
2STSDW25V317_999,images/2STSDW25V317_999.JPG,pink,solid,Solid Cotton Linen Shirt,3913,Cotton Linen,Sapphire,images_seg/2STSDW25V317_999.png,title
3PGLTRW25V38_999,images/3PGLTRW25V38_999.JPG,black,embroidered,Embroidered Cotton Viscose Shirt,5593,Cotton Viscose,Sapphire,images_seg/3PGLTRW25V38_999.png,title
3PGLTRW25V37_999,images/3PGLTRW25V37_999.JPG,lilac,embroidered,Embroidered Cotton Viscose Shirt,6993,Cotton Viscose,Sapphire,images_seg/3PGLTRW25V37_999.png,title
2STSDW25V324_999,images/2STSDW25V324_999.JPG,yellow,solid,Solid Cotton Linen Shirt,3913,Cotton Linen,Sapphire,images_seg/2STSDW25V324_999.png,title
2STSDW25V323_999,images/2STSDW25V323_999.JPG,beige,solid,Solid Cotton Linen Shirt,3913,Cotton Linen,Sapphire,images_seg/2STSDW25V323_999.png,title
3PGLTRW25V35_999,images/3PGLTRW25V35_999.JPG,green,embroidered,Embroidered Cotton Viscose Shirt,4193,Cotton Viscose,Sapphire,images_seg/3PGLTRW25V35_999.png,title
2STSDW25V319_999,images/2STSDW25V319_999.JPG,rust,solid,Solid Cotton Linen Shirt,3913,Cotton Linen,Sapphire,images_seg/2STSDW25V319_999.png,title
2STPRW25V269_999,images/2STPRW25V269_999.JPG,brown,printed,Printed Cambric Shirt,1974,Cambric,Sapphire,images_seg/2STPRW25V269_999.png,title
2SPRW25V269T_999,images/2SPRW25V269T_999.JPG,beige,printed,Printed Cambric Culottes,1374,Cambric,Sapphire,images_seg/2SPRW25V269T_999.png,title
2STSDW25V251_999,images/2STSDW25V251_999.JPG,green,solid,Solid Lawn Shirt,2513,Textured Lawn,Sapphire,images_seg/2STSDW25V251_999.png,title
2SEPRW25V238_999,images/2SEPRW25V238_999.JPG,green,embroidered,Embroidered Pishwas With Layered Green Cape,7794,Lawn Viscose,Sapphire,images_seg/2SEPRW25V238_999.png,title
03PCDFW25V34_999,images/03PCDFW25V34_999.JPG,green,embroidered,Embroidered Lawn Shirt,2394,Lawn,Sapphire,images_seg/03PCDFW25V34_999.png,title
2SEPRW25V239_999,images/2SEPRW25V239_999.JPG,green,embroidered,Embroidered Lawn Viscose Pishwas,5593,Lawn Viscose,Sapphire,images_seg/2SEPRW25V239_999.png,title
2STESDW25V36_999,images/2STESDW25V36_999.JPG,brown,embroidered,Embroidered Cotton Shirt,5154,Fancy Cotton,Sapphire,images_seg/2STESDW25V36_999.png,title
3PCDFW25V324_999,images/3PCDFW25V324_999.JPG,brown,embroidered,Embroidered Viscose Shirt,2513,Cotton Viscose,Sapphire,images_seg/3PCDFW25V324_999.png,title
3PCDFW25V318_999,images/3PCDFW25V318_999.JPG,blue,printed,Printed Viscose Shirt,1794,Cotton Viscose,Sapphire,images_seg/3PCDFW25V318_999.png,title
3PEPRW25V226_999,images/3PEPRW25V226_999.JPG,black,printed,Printed Cotton Satin Shirt,2754,Cotton Satin,Sapphire,images_seg/3PEPRW25V226_999.png,title
03PEMBW25V22_999,images/03PEMBW25V22_999.JPG,maroon,printed,Printed Cambric Shirt,2793,Cambric,Sapphire,images_seg/03PEMBW25V22_999.png,title
3PCDFW25V320_999,images/3PCDFW25V320_999.JPG,green,embroidered,Embroidered Viscose Shirt,2394,Cotton Viscose,Sapphire,images_seg/3PCDFW25V320_999.png,title
03PEMBW25V23_999,images/03PEMBW25V23_999.JPG,purple,printed,Printed Cambric Shirt,2653,Cambric,Sapphire,images_seg/03PEMBW25V23_999.png,title
3PRDFW25V44S_999,images/3PRDFW25V44S_999.JPG,red,embroidered,Embroidered Cambric Shirt,4543,Cambric,Sapphire,images_seg/3PRDFW25V44S_999.png,title
3PCDFW25V323_999,images/3PCDFW25V323_999.JPG,blue,embroidered,Embroidered Viscose Shirt,2513,Cotton Viscose,Sapphire,images_seg/3PCDFW25V323_999.png,title
2STESDW25V34_999,images/2STESDW25V34_999.JPG,lilac,embroidered,Embroidered Cotton Shirt,4554,Fancy Cotton,Sapphire,images_seg/2STESDW25V34_999.png,title
2STESDW25V35_999,images/2STESDW25V35_999.JPG,green,embroidered,Embroidered Cotton Shirt,4794,Fancy Cotton,Sapphire,images_seg/2STESDW25V35_999.png,title
2SESDW25V262_999,images/2SESDW25V262_999.JPG,blue,embroidered,Embroidered Lawn Shirt,4193,Textured Lawn,Sapphire,images_seg/2SESDW25V262_999.png,title
2SEPRW25V235_999,images/2SEPRW25V235_999.JPG,yellow,embroidered,Embroidered Lawn Viscose Pishwas,5994,Lawn Viscose,Sapphire,images_seg/2SEPRW25V235_999.png,title
3PCDFW25V215_999,images/3PCDFW25V215_999.JPG,lilac,printed,Printed Lawn Shirt,2093,Lawn,Sapphire,images_seg/3PCDFW25V215_999.png,title
2STESDW25V31_999,images/2STESDW25V31_999.JPG,pink,embroidered,Embroidered Cotton Shirt,6013,Fancy Cotton,Sapphire,images_seg/2STESDW25V31_999.png,title
03PCDFW25V37_999,images/03PCDFW25V37_999.JPG,yellow,embroidered,Embroidered Lawn Shirt,2793,Lawn,Sapphire,images_seg/03PCDFW25V37_999.png,title
2STESDW25V38_999,images/2STESDW25V38_999.JPG,pink,embroidered,Embroidered Cotton Shirt,5313,Fancy Cotton,Sapphire,images_seg/2STESDW25V38_999.png,title
3PEPRW25V225_999,images/3PEPRW25V225_999.JPG,white,embroidered,Embroidered Cotton Satin Shirt,4613,Cotton Satin,Sapphire,images_seg/3PEPRW25V225_999.png,title
2STESDW25V33_999,images/2STESDW25V33_999.JPG,blue,embroidered,Embroidered Cotton Shirt,5313,Fancy Cotton,Sapphire,images_seg/2STESDW25V33_999.png,title
2STESDW25V32_999,images/2STESDW25V32_999.JPG,black,embroidered,Embroidered Cotton Shirt,4794,Fancy Cotton,Sapphire,images_seg/2STESDW25V32_999.png,title
3PCDFW25V213_999,images/3PCDFW25V213_999.JPG,yellow,printed,Printed Lawn Shirt,1794,Lawn,Sapphire,images_seg/3PCDFW25V213_999.png,title
2SEPRW25V236_999,images/2SEPRW25V236_999.JPG,black,embroidered,Embroidered Lawn Viscose Pishwas,6993,Lawn Viscose,Sapphire,images_seg/2SEPRW25V236_999.png,title
3PEDFW25V37S_999,images/3PEDFW25V37S_999.JPG,pink,embroidered,Embroidered Cotton Satin Shirt,5994,Cotton Satin,Sapphire,images_seg/3PEDFW25V37S_999.png,title
3PRST25V552S_999,images/3PRST25V552S_999.JPG,green,jacquard,Jacquard Shirt,3294,Extra Weft Jacquard,Sapphire,images_seg/3PRST25V552S_999.png,title
3PESG25V513S_999,images/3PESG25V513S_999.JPG,green,embroidered,Embroidered Cotton Satin Shirt,5094,Cotton Satin,Sapphire,images_seg/3PESG25V513S_999.png,title
3PRST25V546S_999,images/3PRST25V546S_999.JPG,green,embroidered,Embroidered Cotton Jacquard Shirt,5394,Cotton Jacquard,Sapphire,images_seg/3PRST25V546S_999.png,title
3PRDF25V570S_999,images/3PRDF25V570S_999.JPG,white,printed,Printed Lawn Shirt,1995,Lawn,Sapphire,images_seg/3PRDF25V570S_999.png,title
3PESG25V512S_999,images/3PESG25V512S_999.JPG,beige,embroidered,Embroidered Cotton Satin Shirt,4194,Cotton Satin,Sapphire,images_seg/3PESG25V512S_999.png,title
3PRST25V540S_999,images/3PRST25V540S_999.JPG,pink,embroidered,Embroidered Dobby Shirt,4995,Dobby,Sapphire,images_seg/3PRST25V540S_999.png,title
2PRDY25V53ST_999,images/2PRDY25V53ST_999.JPG,green,embroidered,Embroidered Cotton Viscose Shirt,3594,Cotton Viscose,Sapphire,images_seg/2PRDY25V53ST_999.png,title
3PRSTS25V55S_999,images/3PRSTS25V55S_999.JPG,beige,embroidered,Embroidered Dobby Shirt,4494,Dobby,Sapphire,images_seg/3PRSTS25V55S_999.png,title
3PRDF25V556S_999,images/3PRDF25V556S_999.JPG,black,embroidered,Embroidered Lawn Shirt,3995,Lawn,Sapphire,images_seg/3PRDF25V556S_999.png,title
3PRST25V536S_999,images/3PRST25V536S_999.JPG,orange,embroidered,Embroidered Dobby Shirt,4495,Dobby,Sapphire,images_seg/3PRST25V536S_999.png,title
2PFST25V55ST_999,images/2PFST25V55ST_999.JPG,maroon,printed,Printed Lawn Shirt,2394,Lawn,Sapphire,images_seg/2PFST25V55ST_999.png,title
3PRST25V510S_999,images/3PRST25V510S_999.JPG,pink,embroidered,Embroidered Dobby Shirt,5094,Dobby,Sapphire,images_seg/3PRST25V510S_999.png,title
3PRST25V537S_999,images/3PRST25V537S_999.JPG,black,embroidered,Embroidered Dobby Shirt,4495,Dobby,Sapphire,images_seg/3PRST25V537S_999.png,title
2PRDY25V57ST_999,images/2PRDY25V57ST_999.JPG,green,printed,Printed Cotton Viscose Shirt,2995,Cotton Viscose,Sapphire,images_seg/2PRDY25V57ST_999.png,title
2STDF25V33ST_999,images/2STDF25V33ST_999.JPG,green,printed,Printed Cambric Shirt,2094,Cambric,Sapphire,images_seg/2STDF25V33ST_999.png,title
2STDF25V31ST_999,images/2STDF25V31ST_999.JPG,green,printed,Printed Cambric Shirt,2094,Cambric,Sapphire,images_seg/2STDF25V31ST_999.png,title
3PBDS25V410S_999,images/3PBDS25V410S_999.JPG,white,embroidered,Embroidered Crosshatch Shirt,2694,Cross Hatch,Sapphire,images_seg/3PBDS25V410S_999.png,title
3PRST25V417S_999,images/3PRST25V417S_999.JPG,yellow,embroidered,Embroidered Lawn Shirt,3995,Lawn,Sapphire,images_seg/3PRST25V417S_999.png,title
2STDF25V36ST_999,images/2STDF25V36ST_999.JPG,white,printed,Printed Cambric Shirt,2094,Cambric,Sapphire,images_seg/2STDF25V36ST_999.png,title
2STDF25V35ST_999,images/2STDF25V35ST_999.JPG,blue,printed,Printed Cambric Shirt,2094,Cambric,Sapphire,images_seg/2STDF25V35ST_999.png,title
2STD25V320ST_999,images/2STD25V320ST_999.JPG,blue,embroidered,Embroidered Dobby Shirt,2495,Dobby,Sapphire,images_seg/2STD25V320ST_999.png,title
2PRD25V434ST_999,images/2PRD25V434ST_999.JPG,white,printed,Printed Crosshatch Shirt,2094,Cross Hatch,Sapphire,images_seg/2PRD25V434ST_999.png,title
2PFST25V42ST_999,images/2PFST25V42ST_999.JPG,brown,embroidered,Embroidered Cotton Viscose Shirt,5394,Cotton Viscose,Sapphire,images_seg/2PFST25V42ST_999.png,title
3PCRNSTW252S_999,images/3PCRNSTW252S_999.JPG,beige,embroidered,Embroidered Lawn Shirt,2995,Textured Lawn,Sapphire,images_seg/3PCRNSTW252S_999.png,title
3PBDES25V21S_999,images/3PBDES25V21S_999.JPG,white,embroidered,Embroidered Lawn Shirt,2694,Lawn,Sapphire,images_seg/3PBDES25V21S_999.png,title
3PCRNSTW253S_999,images/3PCRNSTW253S_999.JPG,beige,embroidered,Embroidered Lawn Shirt,2397,Textured Lawn,Sapphire,images_seg/3PCRNSTW253S_999.png,title
3PDFW25V1149_999,images/3PDFW25V1149_999.JPG,beige,embroidered,Embroidered Lawn Viscose Shirt,2994,Lawn Viscose,Sapphire,images_seg/3PDFW25V1149_999.png,title
2SEPRW25V187_999,images/2SEPRW25V187_999.JPG,peach,embroidered,Embroidered Lawn Shirt,1995,Textured Lawn,Sapphire,images_seg/2SEPRW25V187_999.png,title
3PDFW25V1146_999,images/3PDFW25V1146_999.JPG,white,embroidered,Embroidered Lawn Viscose Shirt,2394,Lawn Viscose,Sapphire,images_seg/3PDFW25V1146_999.png,title
3PDFW25V1126_999,images/3PDFW25V1126_999.JPG,grey,printed,Printed Arabic Lawn Shirt,1494,Arabic Lawn,Sapphire,images_seg/3PDFW25V1126_999.png,title
3PDFW25V1140_999,images/3PDFW25V1140_999.JPG,white,embroidered,Embroidered Lawn Viscose Shirt,2394,Lawn Viscose,Sapphire,images_seg/3PDFW25V1140_999.png,title
3PDFW25V1117_999,images/3PDFW25V1117_999.JPG,green,printed,Printed Crosshatch Shirt,1974,Cross Hatch,Sapphire,images_seg/3PDFW25V1117_999.png,title
3PDFW25V1115_999,images/3PDFW25V1115_999.JPG,white,printed,Printed Crosshatch Shirt,1645,Cross Hatch,Sapphire,images_seg/3PDFW25V1115_999.png,title
3PDFW25V1103_999,images/3PDFW25V1103_999.JPG,yellow,printed,Printed Arabic Lawn Shirt,1495,Arabic Lawn,Sapphire,images_seg/3PDFW25V1103_999.png,title
3PDFW25V1172_999,images/3PDFW25V1172_999.JPG,beige,embroidered,Embroidered Jacquard Shirt,2995,Cotton Jacquard,Sapphire,images_seg/3PDFW25V1172_999.png,title
3PRDF25V576S_999,images/3PRDF25V576S_999.JPG,lilac,embroidered,Embroidered Dobby Shirt,5994,Dobby,Sapphire,images_seg/3PRDF25V576S_999.png,title
2SDPRW25V127_999,images/2SDPRW25V127_999.JPG,black,printed,Printed Lawn Shirt,1794,Lawn,Sapphire,images_seg/2SDPRW25V127_999.png,title
3PRDF25V486S_999,images/3PRDF25V486S_999.JPG,pink,embroidered,Embroidered Dobby Shirt,3745,Dobby,Sapphire,images_seg/3PRDF25V486S_999.png,title
2PRDY25V238S_999,images/2PRDY25V238S_999.JPG,blue,jacquard,Solid Jacquard Shirt,2245,Arabic Self Jacquard,Sapphire,images_seg/2PRDY25V238S_999.png,title
2SDEPRW25V12_999,images/2SDEPRW25V12_999.JPG,black,embroidered,Embroidered Lawn Shirt,2994,Lawn,Sapphire,images_seg/2SDEPRW25V12_999.png,title
3PRTS25V236S_999,images/3PRTS25V236S_999.JPG,brown,embroidered,Embroidered Jacquard Shirt,2995,Extra Weft Jacquard,Sapphire,images_seg/3PRTS25V236S_999.png,title
3PRDFW25V26S_999,images/3PRDFW25V26S_999.JPG,beige,embroidered,Embroidered Lawn Shirt,2745,Lawn,Sapphire,images_seg/3PRDFW25V26S_999.png,title
3PRDF25V577S_999,images/3PRDF25V577S_999.JPG,purple,embroidered,Embroidered Jacquard Shirt,4794,Cotton Jacquard,Sapphire,images_seg/3PRDF25V577S_999.png,title
002PCHWW258S_999,images/002PCHWW258S_999.JPG,pink,jacquard,Solid Dobby Shirt,2495,Dobby,Sapphire,images_seg/002PCHWW258S_999.png,title
002PCHWW256S_999,images/002PCHWW256S_999.JPG,purple,jacquard,Solid Dobby Shirt,2994,Dobby,Sapphire,images_seg/002PCHWW256S_999.png,title
2PFSTS25V27S_999,images/2PFSTS25V27S_999.JPG,multi,printed,Printed Lycra Shirt,2745,Lycra,Sapphire,images_seg/2PFSTS25V27S_999.png,title
2PRD25V428ST_999,images/2PRD25V428ST_999.JPG,beige,printed,Printed Lawn Shirt,1645,Lawn,Sapphire,images_seg/2PRD25V428ST_999.png,title
2PRDY25V233S_999,images/2PRDY25V233S_999.JPG,white,printed,Printed Lawn Shirt,1995,Lawn,Sapphire,images_seg/2PRDY25V233S_999.png,title
3PRSG25V218S_999,images/3PRSG25V218S_999.JPG,pink,printed,Block Printed Lawn Shirt,2247,Lawn,Sapphire,images_seg/3PRSG25V218S_999.png,title
3PRES25V262S_999,images/3PRES25V262S_999.JPG,white,embroidered,Embroidered Zari Lawn Shirt,4245,Zari Lawn,Sapphire,images_seg/3PRES25V262S_999.png,title
3PRSG25V257S_999,images/3PRSG25V257S_999.JPG,black,printed,Printed Zari Lawn Shirt,2997,Zari Lawn,Sapphire,images_seg/3PRSG25V257S_999.png,title
2STESDW25V14_999,images/2STESDW25V14_999.JPG,blue,embroidered,Embroidered Lawn Shirt,2995,Textured Lawn,Sapphire,images_seg/2STESDW25V14_999.png,title
2STPRW25V121_999,images/2STPRW25V121_999.JPG,blue,printed,Printed Lawn Shirt,1645,Lawn,Sapphire,images_seg/2STPRW25V121_999.png,title
3PRDYS25V53S_999,images/3PRDYS25V53S_999.JPG,blue,embroidered,Embroidered Lawn Shirt,2995,Lawn,Sapphire,images_seg/3PRDYS25V53S_999.png,title
2PFST25V52ST_999,images/2PFST25V52ST_999.JPG,beige,printed,Printed Lawn Shirt,2694,Lawn,Sapphire,images_seg/2PFST25V52ST_999.png,title
2PRDY25V51ST_999,images/2PRDY25V51ST_999.JPG,maroon,embroidered,Embroidered Cotton Viscose Shirt,2995,Cotton Viscose,Sapphire,images_seg/2PRDY25V51ST_999.png,title
3PRDY25V515S_999,images/3PRDY25V515S_999.JPG,pink,printed,Printed Lawn Shirt,2495,Lawn,Sapphire,images_seg/3PRDY25V515S_999.png,title
3PESGS25V53S_999,images/3PESGS25V53S_999.JPG,green,embroidered,Embroidered Lawn Shirt,3495,Lawn,Sapphire,images_seg/3PESGS25V53S_999.png,title
3PRDY25V512S_999,images/3PRDY25V512S_999.JPG,yellow,printed,Printed Lawn Shirt,1995,Lawn,Sapphire,images_seg/3PRDY25V512S_999.png,title
3PEDF25V229S_999,images/3PEDF25V229S_999.JPG,pink,embroidered,Embroidered Zari Lawn Shirt,3495,Lawn,Sapphire,images_seg/3PEDF25V229S_999.png,title
3PRST25V547S_999,images/3PRST25V547S_999.JPG,pink,embroidered,Embroidered Cotton Jacquard Shirt,5495,Cotton Jacquard,Sapphire,images_seg/3PRST25V547S_999.png,title
3PRDY25V510S_999,images/3PRDY25V510S_999.JPG,blue,printed,Printed Lawn Shirt,2994,Lawn,Sapphire,images_seg/3PRDY25V510S_999.png,title
2PBST25V52ST_999,images/2PBST25V52ST_999.JPG,beige,embroidered,Embroidered Cotton Viscose Shirt,2694,Cotton Viscose,Sapphire,images_seg/2PBST25V52ST_999.png,title
2PFST25V54ST_999,images/2PFST25V54ST_999.JPG,white,printed,Printed Lawn Shirt,1995,Lawn,Sapphire,images_seg/2PFST25V54ST_999.png,title
2PBST25V57ST_999,images/2PBST25V57ST_999.JPG,purple,embroidered,Embroidered Cotton Viscose Shirt,2994,Cotton Viscose,Sapphire,images_seg/2PBST25V57ST_999.png,title
3PRDS25V425S_999,images/3PRDS25V425S_999.JPG,maroon,embroidered,Embroidered Cotton Shirt,3245,Textured Cotton,Sapphire,images_seg/3PRDS25V425S_999.png,title
3PRDF25V317S_999,images/3PRDF25V317S_999.JPG,green,printed,Printed Lawn Shirt,2245,Lawn,Sapphire,images_seg/3PRDF25V317S_999.png,title
PRESTW25V216_999,images/PRESTW25V216_999.JPG,lilac,embroidered,Embroidered Lawn Shirt,3493,Textured Lawn,Sapphire,images_seg/PRESTW25V216_999.png,title
3PDFW25V1150_999,images/3PDFW25V1150_999.JPG,yellow,embroidered,Embroidered Lawn Viscose Shirt,2793,Lawn Viscose,Sapphire,images_seg/3PDFW25V1150_999.png,title
3PCDFW25V184_999,images/3PCDFW25V184_999.JPG,maroon,jacquard,Printed Dobby Shirt,2303,Dobby,Sapphire,images_seg/3PCDFW25V184_999.png,title
3PRDY25V514S_999,images/3PRDY25V514S_999.JPG,green,printed,Printed Lawn Shirt,2245,Lawn,Sapphire,images_seg/3PRDY25V514S_999.png,title
3PDFW25V1125_999,images/3PDFW25V1125_999.JPG,yellow,printed,Printed Arabic Lawn Shirt,2093,Arabic Lawn,Sapphire,images_seg/3PDFW25V1125_999.png,title
3PDFW25V1141_999,images/3PDFW25V1141_999.JPG,green,embroidered,Embroidered Lawn Viscose Shirt,2793,Lawn Viscose,Sapphire,images_seg/3PDFW25V1141_999.png,title
3PDFW25V1144_999,images/3PDFW25V1144_999.JPG,pink,embroidered,Embroidered Lawn Viscose Shirt,2394,Lawn Viscose,Sapphire,images_seg/3PDFW25V1144_999.png,title
3PDFW25V1148_999,images/3PDFW25V1148_999.JPG,white,embroidered,Embroidered Lawn Viscose Shirt,2793,Lawn Viscose,Sapphire,images_seg/3PDFW25V1148_999.png,title
3PCDFW25V195_999,images/3PCDFW25V195_999.JPG,pink,printed,Printed Arabic Lawn Shirt,1743,Arabic Lawn,Sapphire,images_seg/3PCDFW25V195_999.png,title
3PCDFW25V193_999,images/3PCDFW25V193_999.JPG,purple,printed,Printed Arabic Lawn Shirt,1743,Arabic Lawn,Sapphire,images_seg/3PCDFW25V193_999.png,title
SDEPRW25V226_999,images/SDEPRW25V226_999.JPG,black,embroidered,Embroidered Lawn Viscose Shirt,3913,Lawn Viscose,Sapphire,images_seg/SDEPRW25V226_999.png,title
SDEPRW25V223_999,images/SDEPRW25V223_999.JPG,green,embroidered,Embroidered Lawn Shirt,4613,Textured Lawn,Sapphire,images_seg/SDEPRW25V223_999.png,title
2STPRW25V241_999,images/2STPRW25V241_999.JPG,white,printed,Printed Lawn Shirt,2154,Textured Lawn,Sapphire,images_seg/2STPRW25V241_999.png,title
2STPRW25V242_999,images/2STPRW25V242_999.JPG,pink,printed,Printed Lawn Shirt,2154,Textured Lawn,Sapphire,images_seg/2STPRW25V242_999.png,title
PRESTW25V215_999,images/PRESTW25V215_999.JPG,blue,embroidered,Embroidered Lawn Shirt,2754,Textured Lawn,Sapphire,images_seg/PRESTW25V215_999.png,title
PRESTW25V214_999,images/PRESTW25V214_999.JPG,blue,embroidered,Embroidered Lawn Shirt,3354,Textured Lawn,Sapphire,images_seg/PRESTW25V214_999.png,title
2STPRW25V247_999,images/2STPRW25V247_999.JPG,yellow,printed,Printed Lawn Shirt,2513,Textured Lawn,Sapphire,images_seg/2STPRW25V247_999.png,title
2STPRW25V243_999,images/2STPRW25V243_999.JPG,brown,printed,Printed Lawn Shirt,1974,Textured Lawn,Sapphire,images_seg/2STPRW25V243_999.png,title
2STPRW25V248_999,images/2STPRW25V248_999.JPG,white,printed,Printed Lawn Shirt,2513,Textured Lawn,Sapphire,images_seg/2STPRW25V248_999.png,title
SDEPRW25V231_999,images/SDEPRW25V231_999.JPG,black,printed,Printed Lawn Viscose Shirt,2793,Lawn Viscose,Sapphire,images_seg/SDEPRW25V231_999.png,title
SDEPRW25V227_999,images/SDEPRW25V227_999.JPG,black,embroidered,Embroidered Lawn Viscose Shirt,3913,Lawn Viscose,Sapphire,images_seg/SDEPRW25V227_999.png,title
SDEPRW25V221_999,images/SDEPRW25V221_999.JPG,pink,embroidered,Embroidered Lawn Shirt,4613,Textured Lawn,Sapphire,images_seg/SDEPRW25V221_999.png,title
3PCDFW25V247_999,images/3PCDFW25V247_999.JPG,black,embroidered,Embroidered Lawn Shirt,2154,Textured Lawn,Sapphire,images_seg/3PCDFW25V247_999.png,title
0FSTLXS25V34_999,images/0FSTLXS25V34_999.JPG,peach,embroidered,2 Piece - Embroidered Karandi Suit,13794,Blended Textured Karandi,Sapphire,images_seg/0FSTLXS25V34_999.png,title
F3SFLXS25V34_999,images/F3SFLXS25V34_999.JPG,yellow,embroidered,3 Piece - Embroidered Raw Silk Suit,21354,Raw Silk,Sapphire,images_seg/F3SFLXS25V34_999.png,title
03PEPRW25V27_999,images/03PEPRW25V27_999.JPG,black,embroidered,Embroidered Cambric Shirt,3954,Cambric,Sapphire,images_seg/03PEPRW25V27_999.png,title
3PRSG25V319S_999,images/3PRSG25V319S_999.JPG,brown,embroidered,Embroidered Lawn Shirt,6993,Textured Lawn,Sapphire,images_seg/3PRSG25V319S_999.png,title
3PESDW25V211_999,images/3PESDW25V211_999.JPG,green,embroidered,Embroidered Lawn Shirt,4554,Textured Lawn,Sapphire,images_seg/3PESDW25V211_999.png,title
03PEPRW25V22_999,images/03PEPRW25V22_999.JPG,white,embroidered,Embroidered Cambric Shirt,4193,Cambric,Sapphire,images_seg/03PEPRW25V22_999.png,title
03PCDFW25V27_999,images/03PCDFW25V27_999.JPG,black,embroidered,Embroidered Lawn Shirt,2303,Lawn,Sapphire,images_seg/03PCDFW25V27_999.png,title
F3SFLXS25V31_999,images/F3SFLXS25V31_999.JPG,black,embroidered,3 Piece - Embroidered Zari Jacquard Suit,23994,Zari Jacquard,Sapphire,images_seg/F3SFLXS25V31_999.png,title
2SDEPRW25V25_999,images/2SDEPRW25V25_999.JPG,green,embroidered,Embroidered Lawn Viscose Shirt,3913,Lawn Viscose,Sapphire,images_seg/2SDEPRW25V25_999.png,title
TEMARLW25V26_999,images/TEMARLW25V26_999.JPG,blue,embroidered,Embroidered Cotton Shirt,2994,Textured Cotton,Sapphire,images_seg/TEMARLW25V26_999.png,title
00T1SLW25V28_999,images/00T1SLW25V28_999.JPG,pink,printed,Printed Silk Shirt,6293,Blended Satin,Sapphire,images_seg/00T1SLW25V28_999.png,title
3PCDFW25V233_999,images/3PCDFW25V233_999.JPG,yellow,embroidered,Embroidered Lawn Shirt,2513,Lawn,Sapphire,images_seg/3PCDFW25V233_999.png,title
3PCDFW25V224_999,images/3PCDFW25V224_999.JPG,purple,printed,Printed Lawn Viscose Shirt,1794,Lawn Viscose,Sapphire,images_seg/3PCDFW25V224_999.png,title
3PCDFW25V235_999,images/3PCDFW25V235_999.JPG,yellow,embroidered,Embroidered Lawn Shirt,2154,Lawn,Sapphire,images_seg/3PCDFW25V235_999.png,title
03PESDW25V29_999,images/03PESDW25V29_999.JPG,pink,embroidered,Embroidered Lawn Shirt,4893,Textured Lawn,Sapphire,images_seg/03PESDW25V29_999.png,title
03PEPRW25V21_999,images/03PEPRW25V21_999.JPG,green,printed,Printed Cambric Shirt,3213,Cambric,Sapphire,images_seg/03PEPRW25V21_999.png,title
0FSTLXW25V23_999,images/0FSTLXW25V23_999.JPG,blue,embroidered,3 Piece - Embroidered Cotton Net Suit,8994,Silk Cotton Net,Sapphire,images_seg/0FSTLXW25V23_999.png,title
F3SFLXS25V19_999,images/F3SFLXS25V19_999.JPG,green,embroidered,3 Piece - Embroidered Raw Silk Suit,15594,Raw Silk,Sapphire,images_seg/F3SFLXS25V19_999.png,title
3PCDFW25V234_999,images/3PCDFW25V234_999.JPG,purple,embroidered,Embroidered Lawn Shirt,2513,Lawn,Sapphire,images_seg/3PCDFW25V234_999.png,title
03PCDFW25V22_999,images/03PCDFW25V22_999.JPG,green,embroidered,Embroidered Lawn Shirt,2513,Lawn,Sapphire,images_seg/03PCDFW25V22_999.png,title
03PCDFW25V26_999,images/03PCDFW25V26_999.JPG,blue,embroidered,Embroidered Lawn Shirt,2513,Lawn,Sapphire,images_seg/03PCDFW25V26_999.png,title
3PCDFW25V246_999,images/3PCDFW25V246_999.JPG,brown,embroidered,Embroidered Lawn Shirt,2513,Textured Lawn,Sapphire,images_seg/3PCDFW25V246_999.png,title
FSTLXS25V110_999,images/FSTLXS25V110_999.JPG,grey,embroidered,3 Piece - Embroidered Raw Silk Suit,12594,Viscose Raw Silk,Sapphire,images_seg/FSTLXS25V110_999.png,title
03PEPRW25V26_999,images/03PEPRW25V26_999.JPG,beige,printed,Printed Cambric Shirt,3213,Cambric,Sapphire,images_seg/03PEPRW25V26_999.png,title
0FSTLXW25V21_999,images/0FSTLXW25V21_999.JPG,lilac,embroidered,3 Piece - Embroidered Cotton Net Suit,10493,Silk Cotton Net,Sapphire,images_seg/0FSTLXW25V21_999.png,title
03PCDFW25V25_999,images/03PCDFW25V25_999.JPG,green,embroidered,Embroidered Lawn Shirt,2154,Lawn,Sapphire,images_seg/03PCDFW25V25_999.png,title
3PRSG25V324S_999,images/3PRSG25V324S_999.JPG,blue,embroidered,Embroidered Lawn Shirt,6993,Textured Lawn,Sapphire,images_seg/3PRSG25V324S_999.png,title
00T1SLW25V22_999,images/00T1SLW25V22_999.JPG,green,printed,Printed Silk Kaftan,6293,Blended Satin,Sapphire,images_seg/00T1SLW25V22_999.png,title
F3SFLX25V112_999,images/F3SFLX25V112_999.JPG,red,embroidered,3 Piece - Embroidered Cotton Net Suit,12594,Silk Cotton Net,Sapphire,images_seg/F3SFLX25V112_999.png,title
0FSTLXS25V31_999,images/0FSTLXS25V31_999.JPG,green,embroidered,2 Piece - Embroidered Karandi Suit,13794,Blended Textured Karandi,Sapphire,images_seg/0FSTLXS25V31_999.png,title
F3SFLXS25V35_999,images/F3SFLXS25V35_999.JPG,white,embroidered,3 Piece - Embroidered Chiffon Suit,19794,Crinkle Chiffon,Sapphire,images_seg/F3SFLXS25V35_999.png,title
3PCDFW25V240_999,images/3PCDFW25V240_999.JPG,green,embroidered,Embroidered Lawn Shirt,2154,Lawn,Sapphire,images_seg/3PCDFW25V240_999.png,title
03PCDFW25V28_999,images/03PCDFW25V28_999.JPG,green,embroidered,Embroidered Lawn Shirt,2154,Lawn,Sapphire,images_seg/03PCDFW25V28_999.png,title
F3SFLXS25V38_999,images/F3SFLXS25V38_999.JPG,black,embroidered,3 Piece - Embroidered Zari Jacquard Suit,23994,Zari Jacquard,Sapphire,images_seg/F3SFLXS25V38_999.png,title
2SDEPRW25V27_999,images/2SDEPRW25V27_999.jpg,green,embroidered,Embroidered Cambric Shirt,4193,Cambric,Sapphire,images_seg/2SDEPRW25V27_999.png,title
2SDEPRW2527T_999,images/2SDEPRW2527T_999.jpg,pink,printed,Printed Cambric Gharara,2093,Cambric,Sapphire,images_seg/2SDEPRW2527T_999.png,title
2STESDW25V28_999,images/2STESDW25V28_999.jpg,green,embroidered,Embroidered Cotton Shirt,4193,Textured Cotton,Sapphire,images_seg/2STESDW25V28_999.png,title
03PPRW25V219_999,images/03PPRW25V219_999.JPG,blue,printed,Printed Lawn Viscose Shirt,2303,Lawn Viscose,Sapphire,images_seg/03PPRW25V219_999.png,title
03PPRW25V222_999,images/03PPRW25V222_999.JPG,black,printed,Printed Lawn Viscose Shirt,2303,Lawn Viscose,Sapphire,images_seg/03PPRW25V222_999.png,title
0TSTSLW25V22_999,images/0TSTSLW25V22_999.JPG,purple,printed,2 Piece - Printed Silk Suit,6993,Blended Grip,Sapphire,images_seg/0TSTSLW25V22_999.png,title
00PRSTW25V23_999,images/00PRSTW25V23_999.JPG,black,solid,Solid Seersucker Shirt,3493,Seersucker,Sapphire,images_seg/00PRSTW25V23_999.png,title
2STESDW25V26_999,images/2STESDW25V26_999.JPG,pink,embroidered,Embroidered Cotton Shirt,3213,Textured Cotton,Sapphire,images_seg/2STESDW25V26_999.png,title
00PRSTW25V21_999,images/00PRSTW25V21_999.JPG,blue,solid,Solid Seersucker Shirt,3493,Seersucker,Sapphire,images_seg/00PRSTW25V21_999.png,title
SDEPRW25V234_999,images/SDEPRW25V234_999.JPG,green,embroidered,Embroidered Cotton Shirt,4613,Textured Cotton,Sapphire,images_seg/SDEPRW25V234_999.png,title
00PRSTW25V25_999,images/00PRSTW25V25_999.JPG,blue,printed,Printed Seersucker Shirt,3493,Seersucker,Sapphire,images_seg/00PRSTW25V25_999.png,title
0TSTSLW25V27_999,images/0TSTSLW25V27_999.JPG,yellow,printed,2 Piece - Printed Silk Suit,6594,Blended Satin,Sapphire,images_seg/0TSTSLW25V27_999.png,title
03PPRW25V218_999,images/03PPRW25V218_999.JPG,beige,printed,Printed Lawn Viscose Shirt,2303,Lawn Viscose,Sapphire,images_seg/03PPRW25V218_999.png,title
TEFRAGW25V21_999,images/TEFRAGW25V21_999.JPG,pink,printed,Printed Arabic Lawn Shirt,2394,Arabic Lawn,Sapphire,images_seg/TEFRAGW25V21_999.png,title
SDEPRW25V236_999,images/SDEPRW25V236_999.JPG,black,embroidered,Embroidered Cotton Shirt,4194,Textured Cotton,Sapphire,images_seg/SDEPRW25V236_999.png,title
2STPRW25V218_999,images/2STPRW25V218_999.JPG,brown,printed,Printed Cambric Shirt,2653,Cambric,Sapphire,images_seg/2STPRW25V218_999.png,title
TEFRAGW25V23_999,images/TEFRAGW25V23_999.JPG,green,printed,Printed Arabic Lawn Shirt,2793,Arabic Lawn,Sapphire,images_seg/TEFRAGW25V23_999.png,title
0TSTSLW25V25_999,images/0TSTSLW25V25_999.JPG,beige,printed,2 Piece - Printed Silk Suit,6594,Blended Satin,Sapphire,images_seg/0TSTSLW25V25_999.png,title
0TSTSLW25V23_999,images/0TSTSLW25V23_999.JPG,beige,printed,2 Piece - Printed Silk Suit,7693,Blended Grip,Sapphire,images_seg/0TSTSLW25V23_999.png,title
2STESDW25V22_999,images/2STESDW25V22_999.JPG,yellow,embroidered,Embroidered Cotton Shirt,3954,Textured Cotton,Sapphire,images_seg/2STESDW25V22_999.png,title
03PPRW25V217_999,images/03PPRW25V217_999.JPG,white,printed,Printed Lawn Viscose Shirt,2303,Lawn Viscose,Sapphire,images_seg/03PPRW25V217_999.png,title
2STPRW25V220_999,images/2STPRW25V220_999.JPG,yellow,printed,Printed Cambric Shirt,2754,Cambric,Sapphire,images_seg/2STPRW25V220_999.png,title
0TSTSLW25V26_999,images/0TSTSLW25V26_999.JPG,green,printed,2 Piece - Printed Silk Suit,7693,Blended Satin,Sapphire,images_seg/0TSTSLW25V26_999.png,title
2SDEPRW25V24_999,images/2SDEPRW25V24_999.JPG,green,embroidered,Embroidered Cambric Shirt,4613,Cambric,Sapphire,images_seg/2SDEPRW25V24_999.png,title
0TSTSLW25V24_999,images/0TSTSLW25V24_999.JPG,pink,printed,2 Piece - Printed Silk Suit,7693,Blended Grip,Sapphire,images_seg/0TSTSLW25V24_999.png,title
2STPRW25V224_999,images/2STPRW25V224_999.JPG,maroon,printed,Printed Cambric Shirt,3213,Cambric,Sapphire,images_seg/2STPRW25V224_999.png,title
SDEPRW25V240_999,images/SDEPRW25V240_999.JPG,purple,embroidered,Embroidered Cotton Shirt,3594,Textured Cotton,Sapphire,images_seg/SDEPRW25V240_999.png,title
TEFRAGW25V26_999,images/TEFRAGW25V26_999.JPG,peach,printed,Printed Arabic Lawn Shirt,2394,Arabic Lawn,Sapphire,images_seg/TEFRAGW25V26_999.png,title
03PPRW25V223_999,images/03PPRW25V223_999.JPG,green,printed,Printed Lawn Viscose Shirt,2303,Lawn Viscose,Sapphire,images_seg/03PPRW25V223_999.png,title
2STESDW25V25_999,images/2STESDW25V25_999.JPG,black,embroidered,Embroidered Cotton Shirt,3954,Textured Cotton,Sapphire,images_seg/2STESDW25V25_999.png,title
2SDEPRW25V23_999,images/2SDEPRW25V23_999.JPG,white,embroidered,Embroidered Cambric Shirt,3913,Cambric,Sapphire,images_seg/2SDEPRW25V23_999.png,title
SDEPRW25V238_999,images/SDEPRW25V238_999.JPG,green,embroidered,Embroidered Cotton Shirt,5313,Textured Cotton,Sapphire,images_seg/SDEPRW25V238_999.png,title
2STESDW25V21_999,images/2STESDW25V21_999.JPG,blue,embroidered,Embroidered Cotton Shirt,3913,Textured Cotton,Sapphire,images_seg/2STESDW25V21_999.png,title
003PPRW25V11_999,images/003PPRW25V11_999.JPG,blue,printed,Printed Arabic Lawn Shirt,1995,Arabic Lawn,Sapphire,images_seg/003PPRW25V11_999.png,title
3PRDF25V553S_999,images/3PRDF25V553S_999.JPG,green,embroidered,Embroidered Lawn Shirt,3294,Lawn,Sapphire,images_seg/3PRDF25V553S_999.png,title
3PCDFW25V187_999,images/3PCDFW25V187_999.JPG,pink,jacquard,Printed Dobby Shirt,2093,Dobby,Sapphire,images_seg/3PCDFW25V187_999.png,title
3PDFW25V1138_999,images/3PDFW25V1138_999.JPG,green,embroidered,Embroidered Lawn Viscose Shirt,2793,Lawn Viscose,Sapphire,images_seg/3PDFW25V1138_999.png,title
3PDFW25V1128_999,images/3PDFW25V1128_999.JPG,green,printed,Printed Arabic Lawn Shirt,1743,Arabic Lawn,Sapphire,images_seg/3PDFW25V1128_999.png,title
3PDFW25V1124_999,images/3PDFW25V1124_999.JPG,grey,printed,Printed Arabic Lawn Shirt,1494,Arabic Lawn,Sapphire,images_seg/3PDFW25V1124_999.png,title
3PCDFW25V185_999,images/3PCDFW25V185_999.JPG,brown,jacquard,Printed Dobby Shirt,1974,Dobby,Sapphire,images_seg/3PCDFW25V185_999.png,title
3PDFW25V1145_999,images/3PDFW25V1145_999.JPG,blue,embroidered,Embroidered Lawn Viscose Shirt,2793,Lawn Viscose,Sapphire,images_seg/3PDFW25V1145_999.png,title
2STSDW25V160_999,images/2STSDW25V160_999.JPG,blue,jacquard,Solid Dobby Shirt,3493,Dobby,Sapphire,images_seg/2STSDW25V160_999.png,title
2STSDW25V157_999,images/2STSDW25V157_999.JPG,beige,jacquard,Solid Dobby Shirt,4193,Dobby,Sapphire,images_seg/2STSDW25V157_999.png,title
3PDFW25V1127_999,images/3PDFW25V1127_999.JPG,black,printed,Printed Arabic Lawn Shirt,1743,Arabic Lawn,Sapphire,images_seg/3PDFW25V1127_999.png,title
SDEPRW25V119_999,images/SDEPRW25V119_999.JPG,grey,embroidered,Embroidered Arabic Lawn Shirt,3495,Arabic Lawn,Sapphire,images_seg/SDEPRW25V119_999.png,title
2SPRW25V1116_999,images/2SPRW25V1116_999.JPG,blue,printed,Printed Lawn Shirt,2094,Lawn,Sapphire,images_seg/2SPRW25V1116_999.png,title
2PRD25V418ST_999,images/2PRD25V418ST_999.JPG,blue,printed,Printed Arabic Lawn Shirt,2443,Arabic Lawn,Sapphire,images_seg/2PRD25V418ST_999.png,title
2SPRW25V1114_999,images/2SPRW25V1114_999.JPG,white,printed,Printed Lawn Shirt,2443,Lawn,Sapphire,images_seg/2SPRW25V1114_999.png,title
2SPRW25V1115_999,images/2SPRW25V1115_999.JPG,blue,printed,Printed Lawn Shirt,3143,Lawn,Sapphire,images_seg/2SPRW25V1115_999.png,title
2PRD25V419ST_999,images/2PRD25V419ST_999.JPG,green,printed,Printed Arabic Lawn Shirt,2303,Arabic Lawn,Sapphire,images_seg/2PRD25V419ST_999.png,title
2SEPRW25V182_999,images/2SEPRW25V182_999.JPG,grey,embroidered,Embroidered Lawn Shirt,2394,Textured Lawn,Sapphire,images_seg/2SEPRW25V182_999.png,title
2SEPRW25V181_999,images/2SEPRW25V181_999.JPG,black,embroidered,Embroidered Lawn Shirt,2793,Textured Lawn,Sapphire,images_seg/2SEPRW25V181_999.png,title
2PRD25V424ST_999,images/2PRD25V424ST_999.JPG,pink,jacquard,Solid Arabic Jacquard Shirt,2793,Arabic Self Jacquard Leno,Sapphire,images_seg/2PRD25V424ST_999.png,title
SDEPRW25V156_999,images/SDEPRW25V156_999.JPG,black,embroidered,Embroidered Cambric Shirt,5994,Cambric,Sapphire,images_seg/SDEPRW25V156_999.png,title
2PRD25V420ST_999,images/2PRD25V420ST_999.JPG,yellow,printed,Printed Arabic Lawn Shirt,1974,Arabic Lawn,Sapphire,images_seg/2PRD25V420ST_999.png,title
SDEPRW25V120_999,images/SDEPRW25V120_999.JPG,purple,embroidered,Embroidered Arabic Lawn Shirt,3294,Arabic Lawn,Sapphire,images_seg/SDEPRW25V120_999.png,title
SDEPRW25V122_999,images/SDEPRW25V122_999.JPG,maroon,embroidered,Embroidered Arabic Lawn Shirt,3894,Arabic Lawn,Sapphire,images_seg/SDEPRW25V122_999.png,title
SDEPRW25V124_999,images/SDEPRW25V124_999.JPG,green,embroidered,Embroidered Arabic Lawn Shirt,3245,Arabic Lawn,Sapphire,images_seg/SDEPRW25V124_999.png,title
3PDFW25V1168_999,images/3PDFW25V1168_999.jpg,beige,embroidered,Embroidered Dobby Shirt,3245,Dobby,Sapphire,images_seg/3PDFW25V1168_999.png,title
03PPRW25V147_999,images/03PPRW25V147_999.jpg,green,printed,Printed Crosshatch Shirt,2394,Cross Hatch,Sapphire,images_seg/03PPRW25V147_999.png,title
3PCDFW25V151_999,images/3PCDFW25V151_999.JPG,blue,embroidered,Embroidered Lawn Shirt,2394,Lawn,Sapphire,images_seg/3PCDFW25V151_999.png,title
2STPRW25V173_999,images/2STPRW25V173_999.JPG,white,jacquard,Printed Dobby Shirt,2394,Dobby,Sapphire,images_seg/2STPRW25V173_999.png,title
2STPRW25V180_999,images/2STPRW25V180_999.JPG,white,jacquard,Printed Dobby Shirt,2394,Dobby,Sapphire,images_seg/2STPRW25V180_999.png,title
3PEPRW25V110_999,images/3PEPRW25V110_999.JPG,yellow,printed,Printed Arabic Lawn Shirt,1995,Arabic Lawn,Sapphire,images_seg/3PEPRW25V110_999.png,title
03PPRW25V143_999,images/03PPRW25V143_999.JPG,brown,printed,Printed Crosshatch Shirt,2394,Cross Hatch,Sapphire,images_seg/03PPRW25V143_999.png,title
03PPRW25V146_999,images/03PPRW25V146_999.JPG,green,printed,Printed Crosshatch Shirt,1974,Cross Hatch,Sapphire,images_seg/03PPRW25V146_999.png,title
03PPRW25V136_999,images/03PPRW25V136_999.JPG,grey,printed,Printed Arabic Lawn Shirt,2094,Arabic Lawn,Sapphire,images_seg/03PPRW25V136_999.png,title
03PPRW25V135_999,images/03PPRW25V135_999.JPG,maroon,printed,Printed Arabic Lawn Shirt,1745,Arabic Lawn,Sapphire,images_seg/03PPRW25V135_999.png,title
0PFESTW25V18_999,images/0PFESTW25V18_999.JPG,blue,embroidered,Embroidered Cambric Shirt,3294,Cambric,Sapphire,images_seg/0PFESTW25V18_999.png,title
3PDFW25V1107_999,images/3PDFW25V1107_999.JPG,green,printed,Printed Lawn Shirt,1494,Lawn,Sapphire,images_seg/3PDFW25V1107_999.png,title
0PFESTW25V11_999,images/0PFESTW25V11_999.JPG,black,embroidered,Embroidered Cambric Shirt,3594,Cambric,Sapphire,images_seg/0PFESTW25V11_999.png,title
002PCHWW252S_999,images/002PCHWW252S_999.JPG,pink,jacquard,Solid Dobby Shirt,1995,Dobby,Sapphire,images_seg/002PCHWW252S_999.png,title
3PCDFW25V155_999,images/3PCDFW25V155_999.JPG,green,embroidered,Embroidered Lawn Shirt,1995,Lawn,Sapphire,images_seg/3PCDFW25V155_999.png,title
3PRDF25V458S_999,images/3PRDF25V458S_999.JPG,yellow,embroidered,Embroidered Lawn Shirt,4193,Textured Lawn,Sapphire,images_seg/3PRDF25V458S_999.png,title
03PPRW25V134_999,images/03PPRW25V134_999.JPG,black,printed,Printed Arabic Lawn Shirt,2094,Arabic Lawn,Sapphire,images_seg/03PPRW25V134_999.png,title
3PDFW25V1173_999,images/3PDFW25V1173_999.JPG,green,embroidered,Embroidered Jacquard Shirt,4194,Cotton Jacquard,Sapphire,images_seg/3PDFW25V1173_999.png,title
2SESDW25V125_999,images/2SESDW25V125_999.JPG,yellow,embroidered,Embroidered Jacquard Shirt,2995,Cotton Jacquard,Sapphire,images_seg/2SESDW25V125_999.png,title
2STPRW25V179_999,images/2STPRW25V179_999.JPG,white,jacquard,Printed Dobby Shirt,1995,Dobby,Sapphire,images_seg/2STPRW25V179_999.png,title
002PCHWW253S_999,images/002PCHWW253S_999.JPG,pink,jacquard,Solid Dobby Top,1745,Dobby,Sapphire,images_seg/002PCHWW253S_999.png,title
2STPRW25V177_999,images/2STPRW25V177_999.JPG,black,jacquard,Printed Dobby Shirt,2394,Dobby,Sapphire,images_seg/2STPRW25V177_999.png,title
03PPRW25V142_999,images/03PPRW25V142_999.JPG,black,printed,Printed Crosshatch Shirt,2394,Cross Hatch,Sapphire,images_seg/03PPRW25V142_999.png,title
03PPRW25V141_999,images/03PPRW25V141_999.JPG,beige,printed,Printed Crosshatch Shirt,1995,Cross Hatch,Sapphire,images_seg/03PPRW25V141_999.png,title
3PEPRW25V113_999,images/3PEPRW25V113_999.JPG,yellow,embroidered,Embroidered Arabic Lawn Shirt,2245,Arabic Lawn,Sapphire,images_seg/3PEPRW25V113_999.png,title
3PDFW25V1111_999,images/3PDFW25V1111_999.JPG,green,printed,Printed Lawn Shirt,1494,Textured Lawn,Sapphire,images_seg/3PDFW25V1111_999.png,title
03PPRW25V138_999,images/03PPRW25V138_999.JPG,blue,printed,Printed Arabic Lawn Shirt,2094,Arabic Lawn,Sapphire,images_seg/03PPRW25V138_999.png,title
3T3PSLW25V13_999,images/3T3PSLW25V13_999.JPG,blue,printed,3 Piece - Printed Silk Suit,6495,Blended Grip,Sapphire,images_seg/3T3PSLW25V13_999.png,title
2STPRW25V168_999,images/2STPRW25V168_999.JPG,beige,printed,Printed Arabic Lawn Shirt,1495,Arabic Lawn,Sapphire,images_seg/2STPRW25V168_999.png,title
3PCDFW25V198_999,images/3PCDFW25V198_999.JPG,maroon,printed,Printed Arabic Lawn Shirt,2394,Arabic Lawn,Sapphire,images_seg/3PCDFW25V198_999.png,title
3PDFW25V1105_999,images/3PDFW25V1105_999.JPG,white,printed,Printed Lawn Shirt,1794,Lawn,Sapphire,images_seg/3PDFW25V1105_999.png,title
3PDFW25V1164_999,images/3PDFW25V1164_999.JPG,black,embroidered,Embroidered Dobby Shirt,4194,Dobby,Sapphire,images_seg/3PDFW25V1164_999.png,title
03PPRW25V137_999,images/03PPRW25V137_999.JPG,black,printed,Printed Arabic Lawn Shirt,2094,Arabic Lawn,Sapphire,images_seg/03PPRW25V137_999.png,title
2SDPRW25V131_999,images/2SDPRW25V131_999.JPG,yellow,printed,Printed Lawn Shirt,1974,Lawn,Sapphire,images_seg/2SDPRW25V131_999.png,title
3PDFW25V1108_999,images/3PDFW25V1108_999.JPG,yellow,printed,Printed Lawn Shirt,1794,Textured Lawn,Sapphire,images_seg/3PDFW25V1108_999.png,title
3PDFW25V1109_999,images/3PDFW25V1109_999.JPG,blue,printed,Printed Lawn Shirt,1495,Lawn,Sapphire,images_seg/3PDFW25V1109_999.png,title
3PDFW25V1102_999,images/3PDFW25V1102_999.JPG,black,printed,Printed Arabic Lawn Shirt,1995,Arabic Lawn,Sapphire,images_seg/3PDFW25V1102_999.png,title
3PRDF25V461S_999,images/3PRDF25V461S_999.JPG,white,embroidered,Embroidered Lawn Shirt,3894,Textured Lawn,Sapphire,images_seg/3PRDF25V461S_999.png,title
3PRDF25V457S_999,images/3PRDF25V457S_999.JPG,black,embroidered,Embroidered Lawn Shirt,4494,Textured Lawn,Sapphire,images_seg/3PRDF25V457S_999.png,title
3PDFW25V1135_999,images/3PDFW25V1135_999.JPG,white,printed,Printed Lawn Shirt,1794,Lawn,Sapphire,images_seg/3PDFW25V1135_999.png,title
3PDFW25V1171_999,images/3PDFW25V1171_999.JPG,brown,embroidered,Embroidered Jacquard Shirt,4794,Cotton Jacquard,Sapphire,images_seg/3PDFW25V1171_999.png,title
3PDFW25V1104_999,images/3PDFW25V1104_999.JPG,black,printed,Printed Arabic Lawn Shirt,1495,Arabic Lawn,Sapphire,images_seg/3PDFW25V1104_999.png,title
0PFESTW25V17_999,images/0PFESTW25V17_999.JPG,grey,embroidered,Embroidered Cambric Shirt,4194,Cambric,Sapphire,images_seg/0PFESTW25V17_999.png,title
3PDFW25V1165_999,images/3PDFW25V1165_999.JPG,blue,embroidered,Embroidered Dobby Shirt,4494,Dobby,Sapphire,images_seg/3PDFW25V1165_999.png,title
03PPRW25V133_999,images/03PPRW25V133_999.JPG,maroon,printed,Printed Arabic Lawn Shirt,2394,Arabic Lawn,Sapphire,images_seg/03PPRW25V133_999.png,title
3PEPRW25V111_999,images/3PEPRW25V111_999.JPG,pink,printed,Printed Arabic Lawn Shirt,1645,Arabic Lawn,Sapphire,images_seg/3PEPRW25V111_999.png,title
03PEPRW25V19_999,images/03PEPRW25V19_999.JPG,blue,printed,Printed Arabic Lawn Shirt,1995,Arabic Lawn,Sapphire,images_seg/03PEPRW25V19_999.png,title
3PDFW25V1131_999,images/3PDFW25V1131_999.JPG,blue,printed,Printed Lawn Shirt,1794,Lawn,Sapphire,images_seg/3PDFW25V1131_999.png,title
2STPRW25V165_999,images/2STPRW25V165_999.JPG,green,printed,Printed Arabic Lawn Shirt,1495,Arabic Lawn,Sapphire,images_seg/2STPRW25V165_999.png,title
3PCDFW25V199_999,images/3PCDFW25V199_999.JPG,black,printed,Printed Arabic Lawn Shirt,2394,Arabic Lawn,Sapphire,images_seg/3PCDFW25V199_999.png,title
002PCHWW251S_999,images/002PCHWW251S_999.JPG,pink,jacquard,Solid Dobby Shirt,3594,Dobby,Sapphire,images_seg/002PCHWW251S_999.png,title
3PRDF25V464S_999,images/3PRDF25V464S_999.JPG,yellow,embroidered,Embroidered Lawn Shirt,3894,Textured Lawn,Sapphire,images_seg/3PRDF25V464S_999.png,title
3PCDFW25V152_999,images/3PCDFW25V152_999.JPG,green,embroidered,Embroidered Lawn Shirt,2394,Lawn,Sapphire,images_seg/3PCDFW25V152_999.png,title
2PBDF25V57ST_999,images/2PBDF25V57ST_999.JPG,maroon,printed,Printed Lawn Shirt,2793,Dobby,Sapphire,images_seg/2PBDF25V57ST_999.png,title
2PBDF25V55ST_999,images/2PBDF25V55ST_999.JPG,maroon,printed,Printed Lawn Shirt,2694,Dobby,Sapphire,images_seg/2PBDF25V55ST_999.png,title
2PBDF25V54ST_999,images/2PBDF25V54ST_999.JPG,black,printed,Printed Lawn Shirt,2094,Dobby,Sapphire,images_seg/2PBDF25V54ST_999.png,title
3PRDF25V487S_999,images/3PRDF25V487S_999.jpg,black,embroidered,Embroidered Lawn Shirt,3745,Lawn,Sapphire,images_seg/3PRDF25V487S_999.png,title
3PRDYS25V61S_999,images/3PRDYS25V61S_999.jpg,black,printed,Printed Cambric Shirt,2094,Cambric,Sapphire,images_seg/3PRDYS25V61S_999.png,title
2PRST25V64ST_999,images/2PRST25V64ST_999.jpg,black,embroidered,Embroidered Dobby Shirt,4194,Dobby,Sapphire,images_seg/2PRST25V64ST_999.png,title
3PCDFW25169S_999,images/3PCDFW25169S_999.jpg,black,printed,Printed Arabic Lawn Shirt,2094,Arabic Lawn,Sapphire,images_seg/3PCDFW25169S_999.png,title
2PRDY25V63ST_999,images/2PRDY25V63ST_999.jpg,black,printed,Printed Blended Lawn Shirt,2094,Lawn Viscose,Sapphire,images_seg/2PRDY25V63ST_999.png,title
3PRDYS25V64S_999,images/3PRDYS25V64S_999.JPG,grey,printed,Printed Cambric Shirt,2094,Cambric,Sapphire,images_seg/3PRDYS25V64S_999.png,title
3PRTS25V234S_999,images/3PRTS25V234S_999.JPG,maroon,embroidered,Embroidered Jacquard Shirt,4194,Extra Weft Jacquard,Sapphire,images_seg/3PRTS25V234S_999.png,title
2STDF25V59ST_999,images/2STDF25V59ST_999.JPG,maroon,printed,Printed Crosshatch Shirt,2245,Cross Hatch,Sapphire,images_seg/2STDF25V59ST_999.png,title
2STESDW25V11_999,images/2STESDW25V11_999.JPG,green,embroidered,Embroidered Lawn Shirt,3294,Textured Lawn,Sapphire,images_seg/2STESDW25V11_999.png,title
0PRESTW25V16_999,images/0PRESTW25V16_999.JPG,yellow,embroidered,Embroidered Arabic Lawn Shirt,2245,Arabic Lawn,Sapphire,images_seg/0PRESTW25V16_999.png,title
2STPRW25V117_999,images/2STPRW25V117_999.JPG,black,printed,Printed Lawn Shirt,2094,Lawn,Sapphire,images_seg/2STPRW25V117_999.png,title
2SDEPRW25V17_999,images/2SDEPRW25V17_999.JPG,brown,printed,Printed Lawn Shirt,2495,Lawn,Sapphire,images_seg/2SDEPRW25V17_999.png,title
2PRD25V430ST_999,images/2PRD25V430ST_999.JPG,yellow,printed,Printed Lawn Shirt,1974,Lawn,Sapphire,images_seg/2PRD25V430ST_999.png,title
3PRDF25V425S_999,images/3PRDF25V425S_999.JPG,blue,printed,Printed Lawn Shirt,1895,Lawn,Sapphire,images_seg/3PRDF25V425S_999.png,title
3PCDFW25V112_999,images/3PCDFW25V112_999.JPG,grey,printed,Printed Lawn Shirt,1794,Lawn,Sapphire,images_seg/3PCDFW25V112_999.png,title
2PRDY25V239S_999,images/2PRDY25V239S_999.JPG,yellow,jacquard,Solid Jacquard Shirt,2694,Arabic Self Jacquard,Sapphire,images_seg/2PRDY25V239S_999.png,title
2PBP4UW2520S_999,images/2PBP4UW2520S_999.JPG,blue,printed,Printed Cambric Shirt,1794,Cambric,Sapphire,images_seg/2PBP4UW2520S_999.png,title
2SEPRW25V114_999,images/2SEPRW25V114_999.JPG,green,printed,Printed Arabic Lawn Shirt,1995,Arabic Lawn,Sapphire,images_seg/2SEPRW25V114_999.png,title
2SEPRW25V113_999,images/2SEPRW25V113_999.JPG,white,printed,Printed Arabic Lawn Shirt,1645,Arabic Lawn,Sapphire,images_seg/2SEPRW25V113_999.png,title
2PRDY25V236S_999,images/2PRDY25V236S_999.JPG,blue,printed,Printed Lawn Shirt,1995,Lawn,Sapphire,images_seg/2PRDY25V236S_999.png,title
003PPRW25V12_999,images/003PPRW25V12_999.JPG,black,printed,Printed Arabic Lawn Shirt,2394,Arabic Lawn,Sapphire,images_seg/003PPRW25V12_999.png,title
2STESDW25V13_999,images/2STESDW25V13_999.JPG,blue,embroidered,Embroidered Lawn Shirt,2994,Textured Lawn,Sapphire,images_seg/2STESDW25V13_999.png,title
2PRDY25V234S_999,images/2PRDY25V234S_999.JPG,white,printed,Printed Lawn Shirt,1995,Lawn,Sapphire,images_seg/2PRDY25V234S_999.png,title
3PBP4UW2530S_999,images/3PBP4UW2530S_999.JPG,black,printed,Printed Lawn Shirt,1554,Lawn,Sapphire,images_seg/3PBP4UW2530S_999.png,title
2PFSTS25V25S_999,images/2PFSTS25V25S_999.JPG,blue,printed,Printed Lycra Shirt,2495,Lycra,Sapphire,images_seg/2PFSTS25V25S_999.png,title
03PCDFW25V18_999,images/03PCDFW25V18_999.JPG,green,embroidered,Embroidered Lawn Shirt,2745,Lawn,Sapphire,images_seg/03PCDFW25V18_999.png,title
3PBP4UW2533S_999,images/3PBP4UW2533S_999.JPG,purple,printed,Printed Lawn Shirt,1794,Lawn,Sapphire,images_seg/3PBP4UW2533S_999.png,title
0PRESTW25V15_999,images/0PRESTW25V15_999.JPG,red,embroidered,Embroidered Arabic Lawn Shirt,2694,Arabic Lawn,Sapphire,images_seg/0PRESTW25V15_999.png,title
03PCDFW25V16_999,images/03PCDFW25V16_999.JPG,green,embroidered,Embroidered Lawn Shirt,3594,Lawn,Sapphire,images_seg/03PCDFW25V16_999.png,title
3PRDYS25V62S_999,images/3PRDYS25V62S_999.JPG,black,printed,Printed Cambric Shirt,1974,Cambric,Sapphire,images_seg/3PRDYS25V62S_999.png,title
3PRSGE25V64S_999,images/3PRSGE25V64S_999.JPG,blue,embroidered,Embroidered Lawn Shirt,4794,Lawn,Sapphire,images_seg/3PRSGE25V64S_999.png,title
3PCDFW25V148_999,images/3PCDFW25V148_999.JPG,pink,printed,Printed Arabic Lawn Shirt,1495,Arabic Lawn,Sapphire,images_seg/3PCDFW25V148_999.png,title
3PCDFW25V149_999,images/3PCDFW25V149_999.JPG,black,printed,Printed Lawn Shirt,1495,Lawn,Sapphire,images_seg/3PCDFW25V149_999.png,title
T3PSLS25V212_999,images/T3PSLS25V212_999.JPG,green,embroidered,3 Piece - Embellished Silk Suit,5495,Blended Grip,Sapphire,images_seg/T3PSLS25V212_999.png,title
3PRDF25V559S_999,images/3PRDF25V559S_999.JPG,black,printed,Printed Zari Lawn Shirt,2245,Zari Lawn,Sapphire,images_seg/3PRDF25V559S_999.png,title
3PRSG25V521S_999,images/3PRSG25V521S_999.JPG,blue,embroidered,Embroidered Lawn Shirt,5094,Lawn,Sapphire,images_seg/3PRSG25V521S_999.png,title
3PCDFW25V139_999,images/3PCDFW25V139_999.JPG,yellow,printed,Printed Lawn Shirt,1495,Lawn,Sapphire,images_seg/3PCDFW25V139_999.png,title
2SEPRW25V110_999,images/2SEPRW25V110_999.JPG,multi,printed,Printed Arabic Lawn Shirt,1645,Arabic Lawn,Sapphire,images_seg/2SEPRW25V110_999.png,title
2STESDW25V18_999,images/2STESDW25V18_999.JPG,beige,embroidered,Embroidered Lawn Shirt,2745,Textured Lawn,Sapphire,images_seg/2STESDW25V18_999.png,title
2PRST25V65ST_999,images/2PRST25V65ST_999.JPG,black,embroidered,Embroidered Dobby Shirt,4794,Dobby,Sapphire,images_seg/2PRST25V65ST_999.png,title
3PCDFW25V117_999,images/3PCDFW25V117_999.JPG,white,printed,Printed Arabic Lawn Shirt,1794,Arabic Lawn,Sapphire,images_seg/3PCDFW25V117_999.png,title
3PRSG25V518S_999,images/3PRSG25V518S_999.JPG,blue,embroidered,Embroidered Lawn Shirt,4245,Lawn,Sapphire,images_seg/3PRSG25V518S_999.png,title
2STPRW25V122_999,images/2STPRW25V122_999.JPG,beige,printed,Printed Lawn Shirt,1974,Lawn,Sapphire,images_seg/2STPRW25V122_999.png,title
T3PSLS25V213_999,images/T3PSLS25V213_999.JPG,green,embroidered,3 Piece - Embellished Silk Suit,7194,Blended Grip,Sapphire,images_seg/T3PSLS25V213_999.png,title
3PCDFW25V164_999,images/3PCDFW25V164_999.JPG,beige,printed,Printed Lawn Shirt,1554,Lawn,Sapphire,images_seg/3PCDFW25V164_999.png,title
2STPRW25V120_999,images/2STPRW25V120_999.JPG,white,printed,Printed Lawn Shirt,1745,Lawn,Sapphire,images_seg/2STPRW25V120_999.png,title
3PCDFW25V116_999,images/3PCDFW25V116_999.JPG,pink,printed,Printed Lawn Shirt,1794,Lawn,Sapphire,images_seg/3PCDFW25V116_999.png,title
0PRSTW25V114_999,images/0PRSTW25V114_999.JPG,grey,printed,Printed Lawn Shirt,1645,Lawn,Sapphire,images_seg/0PRSTW25V114_999.png,title
2STESDW25V15_999,images/2STESDW25V15_999.JPG,beige,embroidered,Embroidered Lawn Shirt,2994,Textured Lawn,Sapphire,images_seg/2STESDW25V15_999.png,title
2SDEPRW25V14_999,images/2SDEPRW25V14_999.JPG,beige,embroidered,Embroidered Lawn Shirt,2745,Lawn,Sapphire,images_seg/2SDEPRW25V14_999.png,title
2PFSTS25V21S_999,images/2PFSTS25V21S_999.JPG,yellow,printed,Printed Lycra Shirt,2995,Lycra,Sapphire,images_seg/2PFSTS25V21S_999.png,title
2PRDY25V64ST_999,images/2PRDY25V64ST_999.JPG,brown,printed,Printed Blended Lawn Shirt,2094,Lawn Viscose,Sapphire,images_seg/2PRDY25V64ST_999.png,title
3PCDFW25V145_999,images/3PCDFW25V145_999.JPG,beige,printed,Printed Arabic Lawn Shirt,1554,Arabic Lawn,Sapphire,images_seg/3PCDFW25V145_999.png,title
2STEPRW25V19_999,images/2STEPRW25V19_999.JPG,white,printed,Printed Arabic Lawn Shirt,1745,Arabic Lawn,Sapphire,images_seg/2STEPRW25V19_999.png,title
3PCDFW25V153_999,images/3PCDFW25V153_999.JPG,blue,printed,Printed Lawn Shirt,1495,Lawn,Sapphire,images_seg/3PCDFW25V153_999.png,title
0PRESTW25V18_999,images/0PRESTW25V18_999.JPG,rust,embroidered,Embroidered Arabic Lawn Shirt,2245,Arabic Lawn,Sapphire,images_seg/0PRESTW25V18_999.png,title
3PRDF25V481S_999,images/3PRDF25V481S_999.JPG,brown,embroidered,Embroidered Lawn Shirt,3245,Lawn,Sapphire,images_seg/3PRDF25V481S_999.png,title
2STD25V512ST_999,images/2STD25V512ST_999.JPG,white,printed,Printed Crosshatch Shirt,1995,Cross Hatch,Sapphire,images_seg/2STD25V512ST_999.png,title
2SEPRW25V112_999,images/2SEPRW25V112_999.JPG,pink,printed,Printed Arabic Lawn Kaftan,1745,Arabic Lawn,Sapphire,images_seg/2SEPRW25V112_999.png,title
2PFSTS25V22S_999,images/2PFSTS25V22S_999.JPG,lilac,printed,Printed Lycra Shirt,2745,Lycra,Sapphire,images_seg/2PFSTS25V22S_999.png,title
T3PSLS25V211_999,images/T3PSLS25V211_999.JPG,brown,embroidered,3 Piece - Embellished Silk Suit,5995,Blended Grip,Sapphire,images_seg/T3PSLS25V211_999.png,title
3PCDFW25V134_999,images/3PCDFW25V134_999.JPG,grey,printed,Printed Lawn Shirt,1794,Lawn,Sapphire,images_seg/3PCDFW25V134_999.png,title
3PRDF25V564S_999,images/3PRDF25V564S_999.JPG,beige,printed,Printed Zari Lawn Shirt,2245,Zari Lawn,Sapphire,images_seg/3PRDF25V564S_999.png,title
3PCDFW25V154_999,images/3PCDFW25V154_999.JPG,beige,printed,Printed Lawn Shirt,1794,Lawn,Sapphire,images_seg/3PCDFW25V154_999.png,title
T3PSLS25V215_999,images/T3PSLS25V215_999.JPG,green,embroidered,3 Piece - Embellished Silk Suit,6594,Blended Grip,Sapphire,images_seg/T3PSLS25V215_999.png,title
3PRSGE25V61S_999,images/3PRSGE25V61S_999.JPG,purple,embroidered,Embroidered Lawn Shirt,4494,Lawn,Sapphire,images_seg/3PRSGE25V61S_999.png,title
2PFSTS25V23S_999,images/2PFSTS25V23S_999.JPG,grey,printed,Printed Lycra Shirt,2745,Lycra,Sapphire,images_seg/2PFSTS25V23S_999.png,title
3PCDFW25166S_999,images/3PCDFW25166S_999.JPG,green,printed,Printed Arabic Lawn Shirt,2094,Arabic Lawn,Sapphire,images_seg/3PCDFW25166S_999.png,title
2PBP4UW2518S_999,images/2PBP4UW2518S_999.JPG,multi,printed,Printed Lawn Shirt,1794,Lawn,Sapphire,images_seg/2PBP4UW2518S_999.png,title
3PRTS25V224S_999,images/3PRTS25V224S_999.JPG,black,jacquard,Jacquard Shirt,4194,Extra Weft Jacquard,Sapphire,images_seg/3PRTS25V224S_999.png,title
2STD25V217ST_999,images/2STD25V217ST_999.JPG,beige,embroidered,Embroidered Crosshatch Shirt,3594,Cross Hatch,Sapphire,images_seg/2STD25V217ST_999.png,title
03PCDFW25V17_999,images/03PCDFW25V17_999.JPG,black,embroidered,Embroidered Lawn Shirt,3294,Lawn,Sapphire,images_seg/03PCDFW25V17_999.png,title
3PCDFW25V162_999,images/3PCDFW25V162_999.JPG,blue,printed,Printed Lawn Shirt,1554,Lawn,Sapphire,images_seg/3PCDFW25V162_999.png,title
3PCDFW25V163_999,images/3PCDFW25V163_999.JPG,grey,printed,Printed Lawn Shirt,1495,Lawn,Sapphire,images_seg/3PCDFW25V163_999.png,title
03PCDFW25V11_999,images/03PCDFW25V11_999.JPG,red,embroidered,Embroidered Lawn Shirt,3294,Lawn,Sapphire,images_seg/03PCDFW25V11_999.png,title
2PBP4UW2516S_999,images/2PBP4UW2516S_999.JPG,green,printed,Printed Lawn Shirt,1554,Lawn,Sapphire,images_seg/2PBP4UW2516S_999.png,title
3PRES25V222S_999,images/3PRES25V222S_999.jpg,blue,printed,Block Printed Lawn Shirt,2995,Lawn,Sapphire,images_seg/3PRES25V222S_999.png,title
3PRSTE25V63S_999,images/3PRSTE25V63S_999.JPG,blue,solid,Solid Lawn Shirt,2245,Lawn,Sapphire,images_seg/3PRSTE25V63S_999.png,title
3PRST25V550S_999,images/3PRST25V550S_999.JPG,blue,jacquard,Jacquard Shirt,2994,Extra Weft Jacquard,Sapphire,images_seg/3PRST25V550S_999.png,title
3PRSG25V525S_999,images/3PRSG25V525S_999.JPG,blue,embroidered,Embroidered Lawn Shirt,2745,Lawn,Sapphire,images_seg/3PRSG25V525S_999.png,title
3PRSTE25V66S_999,images/3PRSTE25V66S_999.JPG,yellow,solid,Solid Lawn Shirt,1995,Lawn,Sapphire,images_seg/3PRSTE25V66S_999.png,title
3PRST25V553S_999,images/3PRST25V553S_999.JPG,purple,jacquard,Jacquard Shirt,2994,Extra Weft Jacquard,Sapphire,images_seg/3PRST25V553S_999.png,title
3PRSG25V532S_999,images/3PRSG25V532S_999.JPG,peach,embroidered,Embroidered Lawn Shirt,2995,Lawn,Sapphire,images_seg/3PRSG25V532S_999.png,title
3PRSTE25V65S_999,images/3PRSTE25V65S_999.JPG,pink,solid,Solid Lawn Shirt,2394,Lawn,Sapphire,images_seg/3PRSTE25V65S_999.png,title
3PRSG25V529S_999,images/3PRSG25V529S_999.JPG,pink,embroidered,Embroidered Lawn Shirt,3495,Lawn,Sapphire,images_seg/3PRSG25V529S_999.png,title
3PRST25V549S_999,images/3PRST25V549S_999.JPG,orange,jacquard,Jacquard Shirt,3294,Extra Weft Jacquard,Sapphire,images_seg/3PRST25V549S_999.png,title
3PRSG25V527S_999,images/3PRSG25V527S_999.JPG,pink,embroidered,Embroidered Lawn Shirt,2995,Lawn,Sapphire,images_seg/3PRSG25V527S_999.png,title
3PESGS25V56S_999,images/3PESGS25V56S_999.jpg,maroon,printed,Printed Lawn Shirt,1895,Lawn,Sapphire,images_seg/3PESGS25V56S_999.png,title
3PRDYS25V51S_999,images/3PRDYS25V51S_999.JPG,green,embroidered,Embroidered Lawn Shirt,2995,Lawn,Sapphire,images_seg/3PRDYS25V51S_999.png,title
3PESGS25V52S_999,images/3PESGS25V52S_999.JPG,blue,embroidered,Embroidered Lawn Shirt,2745,Lawn,Sapphire,images_seg/3PESGS25V52S_999.png,title
00PFFSS25V43_999,images/00PFFSS25V43_999.JPG,beige,embroidered,Embroidered Dobby Shirt,2245,Dobby,Sapphire,images_seg/00PFFSS25V43_999.png,title
3PRST25V548S_999,images/3PRST25V548S_999.JPG,yellow,embroidered,Embroidered Cotton Jacquard Shirt,5995,Cotton Jacquard,Sapphire,images_seg/3PRST25V548S_999.png,title
F3SFLXS25V55_999,images/F3SFLXS25V55_999.JPG,beige,embroidered,3 Piece - Embroidered Cotton Net Suit,9995,Silk Cotton Net,Sapphire,images_seg/F3SFLXS25V55_999.png,title
0FSTLXS25V52_999,images/0FSTLXS25V52_999.JPG,green,embroidered,2 Piece - Embroidered Raw Silk Suit,8995,Viscose Raw Silk,Sapphire,images_seg/0FSTLXS25V52_999.png,title
3PRST25V533S_999,images/3PRST25V533S_999.JPG,green,embroidered,Embroidered Dobby Shirt,5394,Dobby,Sapphire,images_seg/3PRST25V533S_999.png,title
3PRST25V539S_999,images/3PRST25V539S_999.JPG,green,embroidered,Embroidered Dobby Shirt,5394,Dobby,Sapphire,images_seg/3PRST25V539S_999.png,title
3PRDF25V554S_999,images/3PRDF25V554S_999.JPG,green,embroidered,Embroidered Lawn Shirt,4245,Lawn,Sapphire,images_seg/3PRDF25V554S_999.png,title
3PRDF25V551S_999,images/3PRDF25V551S_999.JPG,beige,embroidered,Embroidered Lawn Shirt,3745,Lawn,Sapphire,images_seg/3PRDF25V551S_999.png,title
2STD25V529ST_999,images/2STD25V529ST_999.JPG,multi,printed,Printed Crosshatch Shirt,2495,Cross Hatch,Sapphire,images_seg/2STD25V529ST_999.png,title
3PRDF25V536S_999,images/3PRDF25V536S_999.JPG,black,printed,Printed Lawn Shirt,2394,Lawn,Sapphire,images_seg/3PRDF25V536S_999.png,title
3PRDF25V550S_999,images/3PRDF25V550S_999.JPG,blue,embroidered,Embroidered Lawn Shirt,4494,Lawn,Sapphire,images_seg/3PRDF25V550S_999.png,title
2PBST25V55ST_999,images/2PBST25V55ST_999.JPG,black,embroidered,Embroidered Cotton Viscose Shirt,2994,Cotton Viscose,Sapphire,images_seg/2PBST25V55ST_999.png,title
3PRDF25V533S_999,images/3PRDF25V533S_999.JPG,blue,printed,Printed Lawn Shirt,1995,Lawn,Sapphire,images_seg/3PRDF25V533S_999.png,title
3PRST25V511S_999,images/3PRST25V511S_999.JPG,pink,embroidered,Embroidered Dobby Shirt,4794,Dobby,Sapphire,images_seg/3PRST25V511S_999.png,title
2PFST25V57ST_999,images/2PFST25V57ST_999.JPG,black,printed,Printed Lawn Shirt,2094,Lawn,Sapphire,images_seg/2PFST25V57ST_999.png,title
3PRSTS25V54S_999,images/3PRSTS25V54S_999.JPG,brown,embroidered,Embroidered Dobby Shirt,4995,Dobby,Sapphire,images_seg/3PRSTS25V54S_999.png,title
3PRDF25V473S_999,images/3PRDF25V473S_999.JPG,green,embroidered,Embroidered Lawn Shirt,1797,Textured Lawn,Sapphire,images_seg/3PRDF25V473S_999.png,title
2STD25V526ST_999,images/2STD25V526ST_999.JPG,black,printed,Printed Crosshatch Shirt,3294,Cross Hatch,Sapphire,images_seg/2STD25V526ST_999.png,title
2PFST25V56ST_999,images/2PFST25V56ST_999.JPG,white,printed,Printed Lawn Shirt,1974,Lawn,Sapphire,images_seg/2PFST25V56ST_999.png,title
3PRDF25V549S_999,images/3PRDF25V549S_999.JPG,brown,embroidered,Embroidered Lawn Shirt,2547,Lawn,Sapphire,images_seg/3PRDF25V549S_999.png,title
2PFST25V51ST_999,images/2PFST25V51ST_999.JPG,blue,printed,Printed Lawn Shirt,2394,Lawn,Sapphire,images_seg/2PFST25V51ST_999.png,title
2STD25V532ST_999,images/2STD25V532ST_999.JPG,multi,printed,Printed Crosshatch Shirt,1745,Cross Hatch,Sapphire,images_seg/2STD25V532ST_999.png,title
3PRDF25V476S_999,images/3PRDF25V476S_999.JPG,white,embroidered,Embroidered Lawn Shirt,3495,Textured Lawn,Sapphire,images_seg/3PRDF25V476S_999.png,title
2PBST25V54ST_999,images/2PBST25V54ST_999.JPG,blue,embroidered,Embroidered Cotton Viscose Shirt,2694,Cotton Viscose,Sapphire,images_seg/2PBST25V54ST_999.png,title
2STD25V530ST_999,images/2STD25V530ST_999.JPG,black,printed,Printed Crosshatch Shirt,2394,Cross Hatch,Sapphire,images_seg/2STD25V530ST_999.png,title
3PRDF25V475S_999,images/3PRDF25V475S_999.JPG,green,embroidered,Embroidered Lawn Shirt,2995,Textured Lawn,Sapphire,images_seg/3PRDF25V475S_999.png,title
2STD25V528ST_999,images/2STD25V528ST_999.JPG,multi,printed,Printed Crosshatch Shirt,2745,Cross Hatch,Sapphire,images_seg/2STD25V528ST_999.png,title
3PRSGS25V53S_999,images/3PRSGS25V53S_999.JPG,maroon,printed,Printed Lawn Shirt,2245,Lawn,Sapphire,images_seg/3PRSGS25V53S_999.png,title
3PRDF25V540S_999,images/3PRDF25V540S_999.JPG,yellow,printed,Printed Lawn Shirt,2394,Lawn,Sapphire,images_seg/3PRDF25V540S_999.png,title
2STD25V525ST_999,images/2STD25V525ST_999.JPG,pink,printed,Printed Crosshatch Shirt,1497,Cross Hatch,Sapphire,images_seg/2STD25V525ST_999.png,title
2PBST25V56ST_999,images/2PBST25V56ST_999.JPG,beige,embroidered,Embroidered Cotton Viscose Shirt,2245,Cotton Viscose,Sapphire,images_seg/2PBST25V56ST_999.png,title
2PBD25V428ST_999,images/2PBD25V428ST_999.JPG,pink,printed,Printed Arabic Lawn Shirt,2245,Arabic Lawn,Sapphire,images_seg/2PBD25V428ST_999.png,title
2PRD25V410ST_999,images/2PRD25V410ST_999.JPG,blue,printed,Printed Lawn Shirt,1995,Textured Lawn,Sapphire,images_seg/2PRD25V410ST_999.png,title
2GDDS25V12ST_999,images/2GDDS25V12ST_999.JPG,green,jacquard,Solid Dobby Shirt,1295,Dobby,Sapphire,images_seg/2GDDS25V12ST_999.png,title
03PBD25V415S_999,images/03PBD25V415S_999.JPG,beige,embroidered,Embroidered Dobby Shirt,2694,Dobby,Sapphire,images_seg/03PBD25V415S_999.png,title
2PRD25V415ST_999,images/2PRD25V415ST_999.JPG,green,printed,Printed Lawn Shirt,1794,Textured Lawn,Sapphire,images_seg/2PRD25V415ST_999.png,title
3PRDYS25V41S_999,images/3PRDYS25V41S_999.JPG,black,printed,Printed Crosshatch Shirt,2694,Cross Hatch,Sapphire,images_seg/3PRDYS25V41S_999.png,title
3PRDYS25V46S_999,images/3PRDYS25V46S_999.JPG,maroon,printed,Printed Crosshatch Shirt,2694,Cross Hatch,Sapphire,images_seg/3PRDYS25V46S_999.png,title
3PRDYS25V43S_999,images/3PRDYS25V43S_999.JPG,yellow,printed,Printed Crosshatch Shirt,2694,Cross Hatch,Sapphire,images_seg/3PRDYS25V43S_999.png,title
03PBDS25V44S_999,images/03PBDS25V44S_999.JPG,brown,printed,Printed Lawn Shirt,1495,Lawn,Sapphire,images_seg/03PBDS25V44S_999.png,title
2PRD25V413ST_999,images/2PRD25V413ST_999.JPG,orange,printed,Printed Lawn Shirt,1995,Textured Lawn,Sapphire,images_seg/2PRD25V413ST_999.png,title
3PBP4UW2543S_999,images/3PBP4UW2543S_999.JPG,green,printed,Printed Lawn Shirt,1674,Lawn,Sapphire,images_seg/3PBP4UW2543S_999.png,title
3PRDYS25V47S_999,images/3PRDYS25V47S_999.JPG,pink,printed,Printed Crosshatch Shirt,2245,Cross Hatch,Sapphire,images_seg/3PRDYS25V47S_999.png,title
3PRDS25V423S_999,images/3PRDS25V423S_999.JPG,blue,embroidered,Embroidered Crosshatch Shirt,3594,Cross Hatch,Sapphire,images_seg/3PRDS25V423S_999.png,title
3PRDS25V417S_999,images/3PRDS25V417S_999.JPG,black,embroidered,Embroidered Crosshatch Shirt,3894,Cross Hatch,Sapphire,images_seg/3PRDS25V417S_999.png,title
3PRST25V412T_999,images/3PRST25V412T_999.JPG,yellow,embroidered,Embroidered Cambric Culottes,1495,Cambric,Sapphire,images_seg/3PRST25V412T_999.png,title
2STD25V415ST_999,images/2STD25V415ST_999.JPG,pink,jacquard,Solid Dobby Shirt,2994,Dobby,Sapphire,images_seg/2STD25V415ST_999.png,title
3PRDF25V216S_999,images/3PRDF25V216S_999.JPG,pink,printed,Printed Lawn Shirt,2745,Textured Lawn,Sapphire,images_seg/3PRDF25V216S_999.png,title
3PRDF25V218S_999,images/3PRDF25V218S_999.JPG,multi,embroidered,Embroidered Lawn Shirt,2745,Lawn,Sapphire,images_seg/3PRDF25V218S_999.png,title
3PRDF25V220S_999,images/3PRDF25V220S_999.JPG,yellow,embroidered,Embroidered Lawn Shirt,2745,Lawn,Sapphire,images_seg/3PRDF25V220S_999.png,title
2PBD25V419ST_999,images/2PBD25V419ST_999.JPG,multi,printed,Printed Lawn Shirt,1495,Lawn,Sapphire,images_seg/2PBD25V419ST_999.png,title
3PRDFW25V27S_999,images/3PRDFW25V27S_999.JPG,blue,embroidered,Embroidered Lawn Shirt,2745,Lawn,Sapphire,images_seg/3PRDFW25V27S_999.png,title
3PRDF25V215S_999,images/3PRDF25V215S_999.JPG,blue,embroidered,Embroidered Lawn Shirt,3245,Lawn,Sapphire,images_seg/3PRDF25V215S_999.png,title
3PREY25V115S_999,images/3PREY25V115S_999.JPG,purple,embroidered,Embroidered Lawn Shirt,1995,Lawn,Sapphire,images_seg/3PREY25V115S_999.png,title
2PBD25V422ST_999,images/2PBD25V422ST_999.JPG,orange,printed,Printed Lawn Shirt,1495,Lawn,Sapphire,images_seg/2PBD25V422ST_999.png,title
3PRDF25V213S_999,images/3PRDF25V213S_999.JPG,green,embroidered,Embroidered Lawn Shirt,2995,Lawn,Sapphire,images_seg/3PRDF25V213S_999.png,title
2PBD25V423ST_999,images/2PBD25V423ST_999.JPG,green,printed,Printed Lawn Shirt,1794,Lawn,Sapphire,images_seg/2PBD25V423ST_999.png,title
3PRDF25V212S_999,images/3PRDF25V212S_999.JPG,maroon,embroidered,Embroidered Lawn Shirt,2995,Lawn,Sapphire,images_seg/3PRDF25V212S_999.png,title
3PRDY25V121S_999,images/3PRDY25V121S_999.JPG,green,embroidered,Embroidered Lawn Shirt,1995,Lawn,Sapphire,images_seg/3PRDY25V121S_999.png,title
3PRDYE25V26S_999,images/3PRDYE25V26S_999.JPG,green,printed,Printed Lawn Shirt,1995,Textured Lawn,Sapphire,images_seg/3PRDYE25V26S_999.png,title
2STD25V310ST_999,images/2STD25V310ST_999.JPG,white,embroidered,Embroidered Dobby Shirt,5394,Dobby,Sapphire,images_seg/2STD25V310ST_999.png,title
2PBDD25V43ST_999,images/2PBDD25V43ST_999.JPG,beige,printed,Printed Arabic Lawn Shirt,1895,Arabic Lawn,Sapphire,images_seg/2PBDD25V43ST_999.png,title
3PRDF25V334S_999,images/3PRDF25V334S_999.JPG,orange,embroidered,Embroidered Dobby Shirt,3745,Dobby,Sapphire,images_seg/3PRDF25V334S_999.png,title
3PRDF25V333S_999,images/3PRDF25V333S_999.JPG,black,embroidered,Embroidered Dobby Shirt,4194,Dobby,Sapphire,images_seg/3PRDF25V333S_999.png,title
03PRYS25V42S_999,images/03PRYS25V42S_999.JPG,black,embroidered,Embroidered Lawn Shirt,3294,Textured Lawn,Sapphire,images_seg/03PRYS25V42S_999.png,title
3PRDS25V415S_999,images/3PRDS25V415S_999.JPG,orange,jacquard,Printed Dobby Shirt,2274,Dobby,Sapphire,images_seg/3PRDS25V415S_999.png,title
3PESGS25V41S_999,images/3PESGS25V41S_999.JPG,brown,embroidered,Embroidered Fancy Cotton Shirt,3995,Fancy Cotton,Sapphire,images_seg/3PESGS25V41S_999.png,title
2PBST25V42ST_999,images/2PBST25V42ST_999.JPG,blue,embroidered,Embroidered Lawn Shirt,2694,Lawn,Sapphire,images_seg/2PBST25V42ST_999.png,title
3PRDF25V338S_999,images/3PRDF25V338S_999.JPG,red,embroidered,Embroidered Cotton Jacquard Shirt,4194,Cotton Jacquard,Sapphire,images_seg/3PRDF25V338S_999.png,title
2PBD25V411ST_999,images/2PBD25V411ST_999.JPG,pink,solid,Solid Cambric Shirt,1295,Cambric,Sapphire,images_seg/2PBD25V411ST_999.png,title
03PRDS25V41S_999,images/03PRDS25V41S_999.JPG,peach,embroidered,Embroidered Lawn Shirt,2745,Textured Lawn,Sapphire,images_seg/03PRDS25V41S_999.png,title
3PRDS25V414S_999,images/3PRDS25V414S_999.JPG,blue,jacquard,Printed Dobby Shirt,2094,Dobby,Sapphire,images_seg/3PRDS25V414S_999.png,title
03PRDS25V49S_999,images/03PRDS25V49S_999.JPG,black,jacquard,Printed Dobby Shirt,1895,Dobby,Sapphire,images_seg/03PRDS25V49S_999.png,title
3PRDS25V416S_999,images/3PRDS25V416S_999.JPG,green,jacquard,Printed Dobby Shirt,2245,Dobby,Sapphire,images_seg/3PRDS25V416S_999.png,title
2PBD25V412ST_999,images/2PBD25V412ST_999.JPG,blue,solid,Solid Cambric Shirt,1554,Cambric,Sapphire,images_seg/2PBD25V412ST_999.png,title
2PRDY25V43ST_999,images/2PRDY25V43ST_999.JPG,yellow,solid,Solid Cambric Shirt,1995,Cambric,Sapphire,images_seg/2PRDY25V43ST_999.png,title
3PRDY25V210S_999,images/3PRDY25V210S_999.JPG,black,printed,Printed Lawn Shirt,2394,Lawn,Sapphire,images_seg/3PRDY25V210S_999.png,title
3PRDYS25V49S_999,images/3PRDYS25V49S_999.JPG,white,printed,Printed Cambric Shirt,1995,Cambric,Sapphire,images_seg/3PRDYS25V49S_999.png,title
2PRDY25V45ST_999,images/2PRDY25V45ST_999.JPG,pink,solid,Solid Lawn Shirt,1745,Lawn,Sapphire,images_seg/2PRDY25V45ST_999.png,title
3PBDES25V22S_999,images/3PBDES25V22S_999.JPG,green,embroidered,Embroidered Lawn Shirt,1995,Lawn,Sapphire,images_seg/3PBDES25V22S_999.png,title
2STD25V321ST_999,images/2STD25V321ST_999.JPG,black,embroidered,Embroidered Cotton Jacquard Shirt,2495,Cotton Jacquard,Sapphire,images_seg/2STD25V321ST_999.png,title
3PRDS25V413S_999,images/3PRDS25V413S_999.JPG,grey,jacquard,Printed Dobby Shirt,2694,Dobby,Sapphire,images_seg/3PRDS25V413S_999.png,title
2STD25V316ST_999,images/2STD25V316ST_999.JPG,pink,embroidered,Embroidered Cotton Jacquard Shirt,4494,Cotton Jacquard,Sapphire,images_seg/2STD25V316ST_999.png,title
3PRDY25V411S_999,images/3PRDY25V411S_999.JPG,brown,jacquard,Printed Dobby Shirt,1794,Dobby,Sapphire,images_seg/3PRDY25V411S_999.png,title
2PBST25V47ST_999,images/2PBST25V47ST_999.JPG,white,embroidered,Embroidered Lawn Shirt,2245,Lawn,Sapphire,images_seg/2PBST25V47ST_999.png,title
2PBDD25V48ST_999,images/2PBDD25V48ST_999.JPG,black,printed,Printed Arabic Lawn Shirt,1645,Arabic Lawn,Sapphire,images_seg/2PBDD25V48ST_999.png,title
2STD25V314ST_999,images/2STD25V314ST_999.JPG,green,embroidered,Embroidered Dobby Shirt,5094,Dobby,Sapphire,images_seg/2STD25V314ST_999.png,title
2PBSTE25V22S_999,images/2PBSTE25V22S_999.JPG,yellow,embroidered,Embroidered Cotton Viscose Shirt,2394,Cotton Viscose,Sapphire,images_seg/2PBSTE25V22S_999.png,title
2STD25V311ST_999,images/2STD25V311ST_999.JPG,peach,embroidered,Embroidered Dobby Shirt,3894,Dobby,Sapphire,images_seg/2STD25V311ST_999.png,title
3PRDY25V416S_999,images/3PRDY25V416S_999.JPG,beige,printed,Printed Cambric Shirt,1995,Cambric,Sapphire,images_seg/3PRDY25V416S_999.png,title
2STSDW25V161_999,images/2STSDW25V161_999.JPG,green,jacquard,Solid Dobby Shirt,3493,Dobby,Sapphire,images_seg/2STSDW25V161_999.png,title
SDEPRW25V146_999,images/SDEPRW25V146_999.JPG,green,embroidered,Embroidered Arabic Lawn Shirt,3594,Arabic Lawn,Sapphire,images_seg/SDEPRW25V146_999.png,title
3PRDF25V451S_999,images/3PRDF25V451S_999.JPG,green,embroidered,Embroidered Dobby Shirt,3294,Dobby,Sapphire,images_seg/3PRDF25V451S_999.png,title
3PDFW25V1134_999,images/3PDFW25V1134_999.JPG,green,printed,Printed Lawn Shirt,1495,Lawn,Sapphire,images_seg/3PDFW25V1134_999.png,title
03PPRW25V139_999,images/03PPRW25V139_999.JPG,green,printed,Printed Arabic Lawn Shirt,1974,Arabic Lawn,Sapphire,images_seg/03PPRW25V139_999.png,title
3PRSGE25V66S_999,images/3PRSGE25V66S_999.JPG,green,embroidered,Embroidered Lawn Shirt,4794,Lawn,Sapphire,images_seg/3PRSGE25V66S_999.png,title
3PDFW25V318T_999,images/3PDFW25V318T_999.JPG,blue,solid,Solid Viscose Culottes,1254,Textured Viscose,Sapphire,images_seg/3PDFW25V318T_999.png,title
3PRTS25V239T_999,images/3PRTS25V239T_999.JPG,brown,solid,Solid Cambric Straight Pants,995,Cambric,Sapphire,images_seg/3PRTS25V239T_999.png,title
2STDF25V317T_999,images/2STDF25V317T_999.JPG,orange,solid,Solid Cambric Flared Pants,1245,Cambric,Sapphire,images_seg/2STDF25V317T_999.png,title
3PRDYE25V62T_999,images/3PRDYE25V62T_999.JPG,green,printed,Printed Cambric Culottes,1145,Cambric,Sapphire,images_seg/3PRDYE25V62T_999.png,title
3PRDFW25V41T_999,images/3PRDFW25V41T_999.JPG,green,solid,Solid cambric Flared Pants,1953,Cambric,Sapphire,images_seg/3PRDFW25V41T_999.png,title
2PRDY25V238T_999,images/2PRDY25V238T_999.JPG,blue,solid,Solid Cambric Straight Pants,1245,Cambric,Sapphire,images_seg/2PRDY25V238T_999.png,title
3PRTS25V220T_999,images/3PRTS25V220T_999.JPG,purple,solid,Solid Cambric Flared Pants,1145,Cambric,Sapphire,images_seg/3PRTS25V220T_999.png,title
3PRTS25V235T_999,images/3PRTS25V235T_999.JPG,green,solid,Solid Cambric Flared Pants,1145,Cambric,Sapphire,images_seg/3PRTS25V235T_999.png,title
CDFW25V1134T_999,images/CDFW25V1134T_999.JPG,green,printed,Printed Cambric Culottes,1145,Cambric,Sapphire,images_seg/CDFW25V1134T_999.png,title
2SPRW25V218T_999,images/2SPRW25V218T_999.JPG,yellow,solid,Solid Cambric Shalwar,1953,Cambric,Sapphire,images_seg/2SPRW25V218T_999.png,title
3PRDFW25V46T_999,images/3PRDFW25V46T_999.JPG,pink,solid,Solid cambric Flared Pants,1743,Cambric,Sapphire,images_seg/3PRDFW25V46T_999.png,title
2SPRW25V267T_999,images/2SPRW25V267T_999.JPG,brown,solid,Solid Cambric Straight Pants,1463,Cambric,Sapphire,images_seg/2SPRW25V267T_999.png,title
3PRDF25V485T_999,images/3PRDF25V485T_999.JPG,blue,solid,Solid Cambric Straight Pants,1374,Cambric,Sapphire,images_seg/3PRDF25V485T_999.png,title
2PRDYS25V45T_999,images/2PRDYS25V45T_999.JPG,pink,solid,Solid Cambric Straight Pants,1145,Cambric,Sapphire,images_seg/2PRDYS25V45T_999.png,title
3PDFW25V191T_999,images/3PDFW25V191T_999.JPG,green,solid,Solid Cambric Straight Pants,1194,Cambric,Sapphire,images_seg/3PDFW25V191T_999.png,title
3PDFW25V324T_999,images/3PDFW25V324T_999.JPG,brown,solid,Solid Viscose Flared Pants,1463,Textured Viscose,Sapphire,images_seg/3PDFW25V324T_999.png,title
3PBP4UW2532T_999,images/3PBP4UW2532T_999.JPG,purple,printed,Printed Cambric Straight Pants,1145,Cambric,Sapphire,images_seg/3PBP4UW2532T_999.png,title
3PRDF25V488T_999,images/3PRDF25V488T_999.JPG,green,solid,Solid Cambric Straight Pants,1194,Cambric,Sapphire,images_seg/3PRDF25V488T_999.png,title
2STDW24V461T_999,images/2STDW24V461T_999.jpg,green,solid,Solid Cambric Straight Pants,567,Cambric,Sapphire,images_seg/2STDW24V461T_999.png,title
3PREY25V115T_999,images/3PREY25V115T_999.JPG,purple,solid,Solid Cambric Straight Pants,657,Cambric,Sapphire,images_seg/3PREY25V115T_999.png,title
3PBP4UW2531T_999,images/3PBP4UW2531T_999.JPG,maroon,solid,Solid Cambric Straight Pants,1194,Cambric,Sapphire,images_seg/3PBP4UW2531T_999.png,title
002PCHWW258T_999,images/002PCHWW258T_999.JPG,pink,jacquard,Solid Dobby Straight Pants,1245,Dobby,Sapphire,images_seg/002PCHWW258T_999.png,title
DEPRW25V218T_999,images/DEPRW25V218T_999.JPG,green,solid,Solid Cambric Culottes,1463,Cambric,Sapphire,images_seg/DEPRW25V218T_999.png,title
2PRDY25V239T_999,images/2PRDY25V239T_999.JPG,yellow,solid,Solid Cambric Culottes,1314,Cambric,Sapphire,images_seg/2PRDY25V239T_999.png,title
2PRST25V311T_999,images/2PRST25V311T_999.JPG,green,solid,Solid Cambric Flared Pants,1245,Cambric,Sapphire,images_seg/2PRST25V311T_999.png,title
2GDDYS25V15T_999,images/2GDDYS25V15T_999.JPG,purple,solid,Solid Crosshatch Culottes,1245,Cross Hatch,Sapphire,images_seg/2GDDYS25V15T_999.png,title
2STDF25V319T_999,images/2STDF25V319T_999.JPG,yellow,solid,Solid Cambric Culottes,1145,Cambric,Sapphire,images_seg/2STDF25V319T_999.png,title
3PRDYE25V19T_999,images/3PRDYE25V19T_999.JPG,grey,solid,Solid Cambric Straight Pants,657,Cambric,Sapphire,images_seg/3PRDYE25V19T_999.png,title
3PRDYE25V27T_999,images/3PRDYE25V27T_999.JPG,beige,solid,Solid Cambric Culottes,1245,Cambric,Sapphire,images_seg/3PRDYE25V27T_999.png,title
PRSTW25V116T_999,images/PRSTW25V116T_999.JPG,brown,solid,Solid Cambric Straight Pants,995,Cambric,Sapphire,images_seg/PRSTW25V116T_999.png,title
CDFW25V1119T_999,images/CDFW25V1119T_999.JPG,beige,printed,Printed Crosshatch Straight Pants,1145,Cross Hatch,Sapphire,images_seg/CDFW25V1119T_999.png,title
3PPRW25V327T_999,images/3PPRW25V327T_999.JPG,brown,solid,Cotton Viscose Straight Pants,1463,Cotton Viscose,Sapphire,images_seg/3PPRW25V327T_999.png,clip
3PPRW25V354T_999,images/3PPRW25V354T_999.JPG,blue,solid,Cotton Viscose Flared Pants,1813,Cotton Viscose,Sapphire,images_seg/3PPRW25V354T_999.png,clip
3PBDDS25V48T_999,images/3PBDDS25V48T_999.JPG,blue,printed,Block Printed Flared Pants,1245,Cambric,Sapphire,images_seg/3PBDDS25V48T_999.png,title
3PRDY25V123T_999,images/3PRDY25V123T_999.JPG,green,solid,Solid Cambric Straight Pants,1095,Cambric,Sapphire,images_seg/3PRDY25V123T_999.png,title
TESDW25V214T_999,images/TESDW25V214T_999.JPG,beige,solid,Solid Crosshatch Culottes,1554,Cross Hatch,Sapphire,images_seg/TESDW25V214T_999.png,title
CDFW25V1150T_999,images/CDFW25V1150T_999.JPG,yellow,solid,Solid Cotton Viscose Culottes,1393,Cotton Viscose,Sapphire,images_seg/CDFW25V1150T_999.png,title
3PREY25V116T_999,images/3PREY25V116T_999.JPG,green,solid,Solid Cambric Straight Pants,1095,Cambric,Sapphire,images_seg/3PREY25V116T_999.png,title
3PRDYE25V64T_999,images/3PRDYE25V64T_999.JPG,green,printed,Printed Cambric Flared Pants,1245,Cambric,Sapphire,images_seg/3PRDYE25V64T_999.png,title
3PDFW25V182T_999,images/3PDFW25V182T_999.JPG,blue,solid,Solid Cambric Straight Pants,1194,Cambric,Sapphire,images_seg/3PDFW25V182T_999.png,title
3PRDY25V119T_999,images/3PRDY25V119T_999.JPG,black,solid,Solid Cambric Straight Pants,1095,Cambric,Sapphire,images_seg/3PRDY25V119T_999.png,title
3PRSTE25V27S_999,images/3PRSTE25V27S_999.JPG,pink,embroidered,Embroidered Dobby Shirt,4495,Dobby,Sapphire,images_seg/3PRSTE25V27S_999.png,title
3PRDY25V117T_999,images/3PRDY25V117T_999.JPG,purple,solid,Solid Cambric Straight Pants,1095,Cambric,Sapphire,images_seg/3PRDY25V117T_999.png,title
2SDEPRW2522T_999,images/2SDEPRW2522T_999.JPG,maroon,printed,Printed Cambric Flared Pants,1813,Cambric,Sapphire,images_seg/2SDEPRW2522T_999.png,title
3PBP4UW2543T_999,images/3PBP4UW2543T_999.JPG,green,solid,Solid Cambric Culottes,1194,Cambric,Sapphire,images_seg/3PBP4UW2543T_999.png,title
3PRST25V516T_999,images/3PRST25V516T_999.JPG,pink,solid,Solid Cambric Straight Pants,1245,Cambric,Sapphire,images_seg/3PRST25V516T_999.png,title
3PESDW25V242_999,images/3PESDW25V242_999.JPG,pink,embroidered,Embroidered Cotton Satin Shirt,5394,Cotton Satin,Sapphire,images_seg/3PESDW25V242_999.png,title
3PRSG25V238T_999,images/3PRSG25V238T_999.jpg,brown,printed,Printed Cambric Culottes,1245,Cambric,Sapphire,images_seg/3PRSG25V238T_999.png,title
2STDW24V463T_999,images/2STDW24V463T_999.jpg,pink,solid,Solid Cambric Straight Pants,567,Cambric,Sapphire,images_seg/2STDW24V463T_999.png,title
CDFW25V1121T_999,images/CDFW25V1121T_999.JPG,purple,solid,Solid Cambric Flared Pants,1194,Cambric,Sapphire,images_seg/CDFW25V1121T_999.png,title
2PBP4UW2520T_999,images/2PBP4UW2520T_999.JPG,blue,solid,Solid Cambric Straight Pants,1374,Cambric,Sapphire,images_seg/2PBP4UW2520T_999.png,title
3PDFW25V181T_999,images/3PDFW25V181T_999.JPG,green,solid,Solid Cambric Straight Pants,1194,Cambric,Sapphire,images_seg/3PDFW25V181T_999.png,title
00CPDYS25V29_999,images/00CPDYS25V29_999.JPG,beige,embroidered,Embroidered Cambric Culottes,1257,Cambric,Sapphire,images_seg/00CPDYS25V29_999.png,title
2SESDW25V13T_999,images/2SESDW25V13T_999.JPG,blue,solid,Solid Cambric Straight Pants,1194,Cambric,Sapphire,images_seg/2SESDW25V13T_999.png,title
3PRTS25V223T_999,images/3PRTS25V223T_999.JPG,black,embroidered,Embroidered Cambric Flared Pants,1745,Cambric,Sapphire,images_seg/3PRTS25V223T_999.png,title
3PSDW25V244T_999,images/3PSDW25V244T_999.JPG,green,embroidered,Embroidered Cambric Culottes,1794,Cambric,Sapphire,images_seg/3PSDW25V244T_999.png,title
2SPRW25V166T_999,images/2SPRW25V166T_999.JPG,maroon,printed,Printed Cambric Flared Pants,1245,Cambric,Sapphire,images_seg/2SPRW25V166T_999.png,title
3PRDF25V539T_999,images/3PRDF25V539T_999.JPG,green,solid,Solid Cambric Culottes,1374,Cambric,Sapphire,images_seg/3PRDF25V539T_999.png,title
2PRDY25V422T_999,images/2PRDY25V422T_999.JPG,yellow,solid,Solid Cambric Flared Pants,1374,Cambric,Sapphire,images_seg/2PRDY25V422T_999.png,title
3PBP4UW2530T_999,images/3PBP4UW2530T_999.JPG,black,printed,Printed Cambric Shalwar,1494,Cambric,Sapphire,images_seg/3PBP4UW2530T_999.png,title
3PRDS25V424T_999,images/3PRDS25V424T_999.JPG,blue,solid,Solid Cambric Flared Pants,1494,Cambric,Sapphire,images_seg/3PRDS25V424T_999.png,title
3PRDS25V426T_999,images/3PRDS25V426T_999.JPG,green,solid,Solid Cambric Culottes,1395,Cambric,Sapphire,images_seg/3PRDS25V426T_999.png,title
3PDFW25V243T_999,images/3PDFW25V243T_999.JPG,blue,solid,Solid Lawn Culottes,1813,Textured Lawn,Sapphire,images_seg/3PDFW25V243T_999.png,title
3PRDF25V572T_999,images/3PRDF25V572T_999.JPG,green,solid,Solid Cambric Straight Pants,995,Cambric,Sapphire,images_seg/3PRDF25V572T_999.png,title
2PESW24V518T_999,images/2PESW24V518T_999.jpg,purple,solid,Solid Cambric Straight Pants,687,Cambric,Sapphire,images_seg/2PESW24V518T_999.png,title
2PESGS25V38T_999,images/2PESGS25V38T_999.JPG,green,embroidered,Embroidered Cambric Culottes,1395,Cambric,Sapphire,images_seg/2PESGS25V38T_999.png,title
3PBP4UW2535T_999,images/3PBP4UW2535T_999.JPG,green,printed,Printed Cambric Shalwar,1674,Cambric,Sapphire,images_seg/3PBP4UW2535T_999.png,title
03PPRW25V18T_999,images/03PPRW25V18T_999.JPG,green,solid,Solid Cambric Flared Pants,1395,Cambric,Sapphire,images_seg/03PPRW25V18T_999.png,title
CDFW25V1120T_999,images/CDFW25V1120T_999.JPG,yellow,solid,Solid Crosshatch Straight Pants,1145,Cross Hatch,Sapphire,images_seg/CDFW25V1120T_999.png,title
3PDFW25V188T_999,images/3PDFW25V188T_999.JPG,peach,solid,Solid Cambric Straight Pants,1194,Cambric,Sapphire,images_seg/3PDFW25V188T_999.png,title
2SESDW25V36T_999,images/2SESDW25V36T_999.JPG,brown,embroidered,Embroidered Cotton Straight Pants,1974,Fancy Cotton,Sapphire,images_seg/2SESDW25V36T_999.png,title
3PRSTE25V63T_999,images/3PRSTE25V63T_999.JPG,blue,solid,Solid Cambric Shalwar,1495,Cambric,Sapphire,images_seg/3PRSTE25V63T_999.png,title
2STDF25V514T_999,images/2STDF25V514T_999.JPG,green,printed,Printed Cambric Flared Pants,1494,Cambric,Sapphire,images_seg/2STDF25V514T_999.png,title
CDFW25V1153T_999,images/CDFW25V1153T_999.JPG,yellow,printed,Printed Crosshatch Straight Pants,1374,Cross Hatch,Sapphire,images_seg/CDFW25V1153T_999.png,title
3PBP4UW2528T_999,images/3PBP4UW2528T_999.JPG,blue,printed,Printed Cambric Straight Pants,1145,Cambric,Sapphire,images_seg/3PBP4UW2528T_999.png,title
2SSDW25V319T_999,images/2SSDW25V319T_999.JPG,rust,solid,Cotton Linen Straight Pants,2093,Cotton Linen,Sapphire,images_seg/2SSDW25V319T_999.png,clip
3PBDES25V22T_999,images/3PBDES25V22T_999.JPG,yellow,embroidered,Embroidered Cambric Straight Pants,1245,Cambric,Sapphire,images_seg/3PBDES25V22T_999.png,title
3PPRW25V229T_999,images/3PPRW25V229T_999.JPG,black,printed,Cotton Satin Straight Pants,1603,Cotton Satin,Sapphire,images_seg/3PPRW25V229T_999.png,clip
CDFW25V1113T_999,images/CDFW25V1113T_999.JPG,green,solid,Solid Crosshatch Culottes,1374,Cross Hatch,Sapphire,images_seg/CDFW25V1113T_999.png,title
3PRSG25V239S_999,images/3PRSG25V239S_999.JPG,purple,embroidered,Embroidered Zari Lawn Shirt,3745,Zari Lawn,Sapphire,images_seg/3PRSG25V239S_999.png,title
3PCDFW25V182_999,images/3PCDFW25V182_999.JPG,blue,jacquard,Printed Dobby Shirt,1974,Dobby,Sapphire,images_seg/3PCDFW25V182_999.png,title
3PRSGS25V53T_999,images/3PRSGS25V53T_999.JPG,maroon,solid,Solid Cambric Flared Pants,1395,Cambric,Sapphire,images_seg/3PRSGS25V53T_999.png,title
3PRST25V410T_999,images/3PRST25V410T_999.JPG,black,embroidered,Embroidered Cambric Culottes,1495,Cambric,Sapphire,images_seg/3PRST25V410T_999.png,title
3PRDF25V481T_999,images/3PRDF25V481T_999.JPG,brown,solid,Solid Cambric Straight Pants,1145,Cambric,Sapphire,images_seg/3PRDF25V481T_999.png,title
3PDFW25V194T_999,images/3PDFW25V194T_999.JPG,yellow,solid,Solid Cambric Straight Pants,1393,Cambric,Sapphire,images_seg/3PDFW25V194T_999.png,title
3PRSGS25V37T_999,images/3PRSGS25V37T_999.JPG,yellow,embroidered,Embroidered Cambric Culottes,1995,Cambric,Sapphire,images_seg/3PRSGS25V37T_999.png,title
3PRSG25V234T_999,images/3PRSG25V234T_999.jpg,purple,solid,Solid Cambric Culottes,1995,Cambric,Sapphire,images_seg/3PRSG25V234T_999.png,title
3PBP4UW2533T_999,images/3PBP4UW2533T_999.JPG,purple,solid,Solid Cambric Straight Pants,1194,Cambric,Sapphire,images_seg/3PBP4UW2533T_999.png,title
3PRSG25V521T_999,images/3PRSG25V521T_999.JPG,blue,solid,Solid Cambric Straight Pants,1374,Cambric,Sapphire,images_seg/3PRSG25V521T_999.png,title
3PDFW25V193T_999,images/3PDFW25V193T_999.JPG,purple,solid,Solid Cambric Culottes,1393,Cambric,Sapphire,images_seg/3PDFW25V193T_999.png,title
2PESTW24V519_999,images/2PESTW24V519_999.jpg,white,embroidered,Embroidered Karandi Shirt,2397,Karandi,Sapphire,images_seg/2PESTW24V519_999.png,title
2PFST25V411T_999,images/2PFST25V411T_999.JPG,blue,embroidered,Embroidered Dobby Flared Pants,1794,Dobby,Sapphire,images_seg/2PFST25V411T_999.png,title
3PRDS25V418T_999,images/3PRDS25V418T_999.JPG,pink,solid,Solid Cambric Culottes,1494,Cambric,Sapphire,images_seg/3PRDS25V418T_999.png,title
2SPRW25V121T_999,images/2SPRW25V121T_999.JPG,beige,printed,Printed Cambric Shalwar,1245,Cambric,Sapphire,images_seg/2SPRW25V121T_999.png,title
3PRDF25V220T_999,images/3PRDF25V220T_999.JPG,yellow,solid,Solid Cambric Straight Pants,687,Cambric,Sapphire,images_seg/3PRDF25V220T_999.png,title
2STDYW24V54T_999,images/2STDYW24V54T_999.jpg,green,solid,Solid Cambric Flared Pants,1295,Cambric,Sapphire,images_seg/2STDYW24V54T_999.png,title
2PRDYS25V43T_999,images/2PRDYS25V43T_999.JPG,yellow,solid,Solid Cambric Straight Pants,747,Cambric,Sapphire,images_seg/2PRDYS25V43T_999.png,title
3PRSG25V238S_999,images/3PRSG25V238S_999.JPG,brown,embroidered,Embroidered Zari Lawn Shirt,3495,Zari Lawn,Sapphire,images_seg/3PRSG25V238S_999.png,title
3PRDYS25V63T_999,images/3PRDYS25V63T_999.JPG,black,printed,Printed Cambric Flared Pants,1494,Cambric,Sapphire,images_seg/3PRDYS25V63T_999.png,title
03PBDS25V47T_999,images/03PBDS25V47T_999.JPG,blue,printed,Printed Cambric Straight Pants,995,Cambric,Sapphire,images_seg/03PBDS25V47T_999.png,title
3PEMBW25V22T_999,images/3PEMBW25V22T_999.JPG,maroon,solid,Solid Cambric Culottes,1603,Cambric,Sapphire,images_seg/3PEMBW25V22T_999.png,title
3PRSG25V239T_999,images/3PRSG25V239T_999.jpg,purple,printed,Printed Cambric Flared Pants,837,Cambric,Sapphire,images_seg/3PRSG25V239T_999.png,title
2PFST25V410T_999,images/2PFST25V410T_999.JPG,pink,jacquard,Solid Dobby Flared Pants,1494,Dobby,Sapphire,images_seg/2PFST25V410T_999.png,title
2PRDYS25V37T_999,images/2PRDYS25V37T_999.JPG,pink,solid,Solid Cambric Straight Pants,995,Cambric,Sapphire,images_seg/2PRDYS25V37T_999.png,title
3PDFW25V139T_999,images/3PDFW25V139T_999.JPG,yellow,solid,Solid Cambric Straight Pants,995,Cambric,Sapphire,images_seg/3PDFW25V139T_999.png,title
CDFW25V1149T_999,images/CDFW25V1149T_999.JPG,beige,printed,Cotton Viscose Straight Pants,1374,Cotton Viscose,Sapphire,images_seg/CDFW25V1149T_999.png,clip
SDEPRW25V15T_999,images/SDEPRW25V15T_999.JPG,green,embroidered,Embroidered Cambric Flared Pants,1245,Cambric,Sapphire,images_seg/SDEPRW25V15T_999.png,title
3PRDY25V413T_999,images/3PRDY25V413T_999.JPG,black,printed,Printed Cambric Flared Pants,1494,Cambric,Sapphire,images_seg/3PRDY25V413T_999.png,title
3PSDW25V248T_999,images/3PSDW25V248T_999.JPG,yellow,embroidered,Embroidered Cambric Culottes,1794,Cambric,Sapphire,images_seg/3PSDW25V248T_999.png,title
3PBP4UW2545T_999,images/3PBP4UW2545T_999.JPG,green,solid,Solid Cambric Culottes,1194,Cambric,Sapphire,images_seg/3PBP4UW2545T_999.png,title
3PRST25V313T_999,images/3PRST25V313T_999.JPG,blue,embroidered,Embroidered Cotton Flared Pants,2245,Textured Cotton,Sapphire,images_seg/3PRST25V313T_999.png,title
3PRSGS25V38T_999,images/3PRSGS25V38T_999.JPG,green,embroidered,Embroidered Cambric Flared Pants,1745,Cambric,Sapphire,images_seg/3PRSGS25V38T_999.png,title
2PESTW24V23T_999,images/2PESTW24V23T_999.jpg,red,jacquard,Cotton Linen Cigarette Pants,687,Cotton Linen,Sapphire,images_seg/2PESTW24V23T_999.png,clip
3PRDF25V217T_999,images/3PRDF25V217T_999.JPG,pink,solid,Solid Cambric Flared Pants,1245,Cambric,Sapphire,images_seg/3PRDF25V217T_999.png,title
2PRDYS25V36T_999,images/2PRDYS25V36T_999.JPG,blue,solid,Solid Cambric Flared Pants,747,Cambric,Sapphire,images_seg/2PRDYS25V36T_999.png,title
3PRDYS25V49T_999,images/3PRDYS25V49T_999.JPG,white,printed,Printed Cambric Flared Pants,1245,Cambric,Sapphire,images_seg/3PRDYS25V49T_999.png,title
3PDFW25V123T_999,images/3PDFW25V123T_999.JPG,black,printed,Printed Cambric Shalwar,1245,Cambric,Sapphire,images_seg/3PDFW25V123T_999.png,title
DEPRW25V151T_999,images/DEPRW25V151T_999.JPG,peach,solid,Solid Cambric Straight Pants,1194,Cambric,Sapphire,images_seg/DEPRW25V151T_999.png,title
3PRDS25V415T_999,images/3PRDS25V415T_999.JPG,orange,solid,Solid Cambric Flared Pants,1794,Cambric,Sapphire,images_seg/3PRDS25V415T_999.png,title
3PCDFW25V24T_999,images/3PCDFW25V24T_999.JPG,green,solid,Solid Cambric Straight Pants,1254,Cambric,Sapphire,images_seg/3PCDFW25V24T_999.png,title
2SESDW25V11T_999,images/2SESDW25V11T_999.JPG,green,solid,Solid Cambric Culottes,1374,Cambric,Sapphire,images_seg/2SESDW25V11T_999.png,title
3PRSG25V524T_999,images/3PRSG25V524T_999.JPG,black,solid,Solid Cambric Culottes,1245,Cambric,Sapphire,images_seg/3PRSG25V524T_999.png,title
2SPRW25V248T_999,images/2SPRW25V248T_999.JPG,white,printed,Printed Cambric Straight Pants,1603,Cambric,Sapphire,images_seg/2SPRW25V248T_999.png,title
3PGTRW25V37T_999,images/3PGTRW25V37T_999.JPG,lilac,solid,Cotton Viscose Flared Pants,1603,Cotton Viscose,Sapphire,images_seg/3PGTRW25V37T_999.png,clip
2PRDY25V235T_999,images/2PRDY25V235T_999.JPG,blue,solid,Solid Cambric Culottes,657,Cambric,Sapphire,images_seg/2PRDY25V235T_999.png,title
3PRDY25V416T_999,images/3PRDY25V416T_999.JPG,white,printed,Printed Cambric Straight Pants,1395,Cambric,Sapphire,images_seg/3PRDY25V416T_999.png,title
03PBDS25V41T_999,images/03PBDS25V41T_999.JPG,white,printed,Printed Cambric Straight Pants,995,Cambric,Sapphire,images_seg/03PBDS25V41T_999.png,title
2PRDY25V236T_999,images/2PRDY25V236T_999.JPG,blue,solid,Solid Cambric Straight Pants,1245,Cambric,Sapphire,images_seg/2PRDY25V236T_999.png,title
3PBDDS25V41T_999,images/3PBDDS25V41T_999.JPG,green,printed,Printed Cambric Culottes,995,Cambric,Sapphire,images_seg/3PBDDS25V41T_999.png,title
2PFSTS25V51T_999,images/2PFSTS25V51T_999.JPG,blue,printed,Printed Cambric Culottes,1494,Cambric,Sapphire,images_seg/2PFSTS25V51T_999.png,title
3PRDF25V211T_999,images/3PRDF25V211T_999.JPG,orange,embroidered,Embroidered Cambric Culottes,837,Cambric,Sapphire,images_seg/3PRDF25V211T_999.png,title
3PEMBW25V21T_999,images/3PEMBW25V21T_999.JPG,grey,solid,Solid Cambric Straight Pants,1813,Cambric,Sapphire,images_seg/3PEMBW25V21T_999.png,title
2SESDW25V14T_999,images/2SESDW25V14T_999.JPG,blue,solid,Solid Cambric Culottes,1245,Cambric,Sapphire,images_seg/2SESDW25V14T_999.png,title
2PBDFW25V57T_999,images/2PBDFW25V57T_999.JPG,maroon,printed,Printed Cambric Flared Pants,1743,Cambric,Sapphire,images_seg/2PBDFW25V57T_999.png,title
3SEXJQDW248T_999,images/3SEXJQDW248T_999.jpg,red,solid,Solid Cambric Flared Pants,897,Cambric,Sapphire,images_seg/3SEXJQDW248T_999.png,title
TEPRW25V116T_999,images/TEPRW25V116T_999.JPG,white,printed,Printed Cambric Flared Pants,1245,Cambric,Sapphire,images_seg/TEPRW25V116T_999.png,title
3PRSGE25V61T_999,images/3PRSGE25V61T_999.JPG,blue,printed,Printed Cambric Culottes,1145,Cambric,Sapphire,images_seg/3PRSGE25V61T_999.png,title
3PRST25V514T_999,images/3PRST25V514T_999.jpg,blue,solid,Solid Cambric Straight Pants,1494,Cambric,Sapphire,images_seg/3PRST25V514T_999.png,title
CDFW25V1124T_999,images/CDFW25V1124T_999.JPG,grey,solid,Solid Cambric Straight Pants,1194,Cambric,Sapphire,images_seg/CDFW25V1124T_999.png,title
3PEPRW25V340_999,images/3PEPRW25V340_999.JPG,white,embroidered,Embroidered Cotton Viscose Shirt,3913,Cotton Viscose,Sapphire,images_seg/3PEPRW25V340_999.png,title
3PRSG25V523T_999,images/3PRSG25V523T_999.JPG,green,solid,Solid Cambric Straight Pants,995,Cambric,Sapphire,images_seg/3PRSG25V523T_999.png,title
3PDES25V113T_999,images/3PDES25V113T_999.JPG,beige,solid,Solid Cambric Straight Pants,1095,Cambric,Sapphire,images_seg/3PDES25V113T_999.png,title
3PRDF25V452T_999,images/3PRDF25V452T_999.JPG,blue,solid,Solid Cambric Culottes,1374,Cambric,Sapphire,images_seg/3PRDF25V452T_999.png,title
0PRSTW25V19T_999,images/0PRSTW25V19T_999.JPG,white,printed,Printed Cambric Flared Pants,1245,Cambric,Sapphire,images_seg/0PRSTW25V19T_999.png,title
CDFW25V1110T_999,images/CDFW25V1110T_999.JPG,green,printed,Printed Cambric Culottes,1374,Cambric,Sapphire,images_seg/CDFW25V1110T_999.png,title
3PPRW25V111T_999,images/3PPRW25V111T_999.JPG,pink,solid,Solid Cambric Culottes,1145,Cambric,Sapphire,images_seg/3PPRW25V111T_999.png,title
3PPRW25V135T_999,images/3PPRW25V135T_999.JPG,maroon,printed,Printed Cambric Culottes,1145,Cambric,Sapphire,images_seg/3PPRW25V135T_999.png,title
PCDFW25V224T_999,images/PCDFW25V224T_999.JPG,purple,solid,Solid Cotton Viscose Culottes,1554,Cotton Viscose,Sapphire,images_seg/PCDFW25V224T_999.png,title
2PBDS25V128T_999,images/2PBDS25V128T_999.jpg,multi,printed,Printed Cambric Straight Pants,1095,Cambric,Sapphire,images_seg/2PBDS25V128T_999.png,title
3PRDF25V576T_999,images/3PRDF25V576T_999.JPG,lilac,solid,Solid Cotton Culottes,1494,Textured Cotton,Sapphire,images_seg/3PRDF25V576T_999.png,title
TPRW25V1115T_999,images/TPRW25V1115T_999.JPG,white,printed,Printed Cambric Straight Pants,1603,Cambric,Sapphire,images_seg/TPRW25V1115T_999.png,title
3PDFW25V158T_999,images/3PDFW25V158T_999.JPG,orange,printed,Printed Cambric Straight Pants,1145,Cambric,Sapphire,images_seg/3PDFW25V158T_999.png,title
3PDFW25V151T_999,images/3PDFW25V151T_999.JPG,blue,solid,Solid Cambric Straight Pants,1194,Cambric,Sapphire,images_seg/3PDFW25V151T_999.png,title
3PDFW25V149T_999,images/3PDFW25V149T_999.JPG,black,printed,Printed Cambric Straight Pants,1145,Cambric,Sapphire,images_seg/3PDFW25V149T_999.png,title
2SESDW25V34T_999,images/2SESDW25V34T_999.JPG,lilac,solid,Solid Cotton Flared Pants,2154,Fancy Cotton,Sapphire,images_seg/2SESDW25V34T_999.png,title
2PBDDS25V48T_999,images/2PBDDS25V48T_999.JPG,black,printed,Printed Cambric Culottes,1145,Cambric,Sapphire,images_seg/2PBDDS25V48T_999.png,title
2PBDDS25V41T_999,images/2PBDDS25V41T_999.JPG,black,printed,Printed Cambric Flared Pants,1395,Cambric,Sapphire,images_seg/2PBDDS25V41T_999.png,title
CDFW25V1117T_999,images/CDFW25V1117T_999.JPG,green,solid,Solid Crosshatch Straight Pants,1374,Cross Hatch,Sapphire,images_seg/CDFW25V1117T_999.png,title
3PDFW25V110T_999,images/3PDFW25V110T_999.JPG,beige,solid,Solid Cambric Straight Pants,995,Cambric,Sapphire,images_seg/3PDFW25V110T_999.png,title
TEPRW25V112T_999,images/TEPRW25V112T_999.JPG,orange,printed,Printed Cambric Straight Pants,1145,Cambric,Sapphire,images_seg/TEPRW25V112T_999.png,title
3PESGS25V55T_999,images/3PESGS25V55T_999.JPG,black,jacquard,Cambric Flared Pants,1395,Cambric,Sapphire,images_seg/3PESGS25V55T_999.png,clip
3PDFW25V124T_999,images/3PDFW25V124T_999.JPG,pink,solid,Solid Cambric Shalwar,1245,Cambric,Sapphire,images_seg/3PDFW25V124T_999.png,title
3PRSG25V310T_999,images/3PRSG25V310T_999.JPG,white,solid,Solid Cambric Shalwar,1995,Cambric,Sapphire,images_seg/3PRSG25V310T_999.png,title
3PRDF25V215T_999,images/3PRDF25V215T_999.JPG,blue,solid,Solid Cambric Flared Pants,1245,Cambric,Sapphire,images_seg/3PRDF25V215T_999.png,title
3PESDW25V248_999,images/3PESDW25V248_999.JPG,yellow,embroidered,Embroidered Cotton Satin Shirt,4794,Cotton Satin,Sapphire,images_seg/3PESDW25V248_999.png,title
3PDYES25V28T_999,images/3PDYES25V28T_999.JPG,beige,solid,Solid Cambric Straight Pants,895,Cambric,Sapphire,images_seg/3PDYES25V28T_999.png,title
3PDFW25V184T_999,images/3PDFW25V184T_999.JPG,maroon,solid,Solid Cambric Straight Pants,1393,Cambric,Sapphire,images_seg/3PDFW25V184T_999.png,title
3PDFW25V195T_999,images/3PDFW25V195T_999.JPG,pink,solid,Solid Cambric Straight Pants,1393,Cambric,Sapphire,images_seg/3PDFW25V195T_999.png,title
3PDFW25V150T_999,images/3PDFW25V150T_999.JPG,beige,printed,Printed Cambric Straight Pants,1374,Cambric,Sapphire,images_seg/3PDFW25V150T_999.png,title
3PRSGS25V36T_999,images/3PRSGS25V36T_999.JPG,beige,embroidered,Embroidered Cambric Culottes,2495,Cambric,Sapphire,images_seg/3PRSGS25V36T_999.png,title
2PRDY25V425T_999,images/2PRDY25V425T_999.JPG,green,solid,Solid Cambric Culottes,1145,Cambric,Sapphire,images_seg/2PRDY25V425T_999.png,title
3PBDDS25V49T_999,images/3PBDDS25V49T_999.JPG,green,solid,Solid Crosshatch Straight Pants,1194,Cross Hatch,Sapphire,images_seg/3PBDDS25V49T_999.png,title
2PRDYS25V61T_999,images/2PRDYS25V61T_999.JPG,brown,printed,Cotton Viscose Flared Pants,1374,Cotton Viscose,Sapphire,images_seg/2PRDYS25V61T_999.png,clip
002PCHWW251T_999,images/002PCHWW251T_999.JPG,pink,jacquard,Solid Dobby Straight Pants,1245,Dobby,Sapphire,images_seg/002PCHWW251T_999.png,title
2STDW25V212S_999,images/2STDW25V212S_999.JPG,pink,embroidered,Embroidered Crosshatch Shirt,2495,Cross Hatch,Sapphire,images_seg/2STDW25V212S_999.png,title
3PRSGE25V64T_999,images/3PRSGE25V64T_999.JPG,blue,printed,Printed Cambric Flared Pants,1494,Cambric,Sapphire,images_seg/3PRSGE25V64T_999.png,title
2PFSTS25V23T_999,images/2PFSTS25V23T_999.JPG,grey,solid,Solid Lycra Straight Pants,1895,Lycra,Sapphire,images_seg/2PFSTS25V23T_999.png,title
2PBDFW25V55T_999,images/2PBDFW25V55T_999.JPG,maroon,printed,Printed Cambric Flared Pants,1494,Cambric,Sapphire,images_seg/2PBDFW25V55T_999.png,title
3PCDFW25V25T_999,images/3PCDFW25V25T_999.JPG,green,solid,Solid Cambric Straight Pants,1254,Cambric,Sapphire,images_seg/3PCDFW25V25T_999.png,title
3PRDS25V429T_999,images/3PRDS25V429T_999.JPG,blue,embroidered,Embroidered Cambric Culottes,1395,Cambric,Sapphire,images_seg/3PRDS25V429T_999.png,title
3PESGS25V53T_999,images/3PESGS25V53T_999.JPG,green,embroidered,Embroidered Cambric Flared Pants,1645,Cambric,Sapphire,images_seg/3PESGS25V53T_999.png,title
3PCDFW25V37T_999,images/3PCDFW25V37T_999.JPG,yellow,solid,Solid Cambric Straight Pants,1603,Cambric,Sapphire,images_seg/3PCDFW25V37T_999.png,title
2PBDDS25V47T_999,images/2PBDDS25V47T_999.JPG,black,printed,Printed Cambric Flared Pants,1374,Cambric,Sapphire,images_seg/2PBDDS25V47T_999.png,title
3PRDS25V416T_999,images/3PRDS25V416T_999.JPG,green,solid,Solid Cambric Straight Pants,895,Cambric,Sapphire,images_seg/3PRDS25V416T_999.png,title
2PRDY25V439T_999,images/2PRDY25V439T_999.JPG,yellow,printed,Printed Cambric Straight Pants,687,Cambric,Sapphire,images_seg/2PRDY25V439T_999.png,title
TEPRW25V187T_999,images/TEPRW25V187T_999.JPG,peach,printed,Printed Cambric Flared Pants,1245,Cambric,Sapphire,images_seg/TEPRW25V187T_999.png,title
3PCDFW25168T_999,images/3PCDFW25168T_999.JPG,blue,solid,Solid Cambric Flared Pants,1145,Cambric,Sapphire,images_seg/3PCDFW25168T_999.png,title
2SPRW25V247T_999,images/2SPRW25V247T_999.JPG,yellow,printed,Printed Cambric Straight Pants,1603,Cambric,Sapphire,images_seg/2SPRW25V247T_999.png,title
2SSDW25V367T_999,images/2SSDW25V367T_999.JPG,orange,solid,Solid Cambric Straight Pants,1463,Cambric,Sapphire,images_seg/2SSDW25V367T_999.png,title
2PRSTE25V62T_999,images/2PRSTE25V62T_999.JPG,brown,embroidered,Embroidered Cambric Flared Pants,1495,Cambric,Sapphire,images_seg/2PRSTE25V62T_999.png,title
3PRDES25V24T_999,images/3PRDES25V24T_999.JPG,blue,jacquard,Cotton Viscose Culottes,1145,Cotton Viscose,Sapphire,images_seg/3PRDES25V24T_999.png,clip
CDFW25V1109T_999,images/CDFW25V1109T_999.JPG,blue,solid,Solid Cambric Straight Pants,995,Cambric,Sapphire,images_seg/CDFW25V1109T_999.png,title
2PRDYS25V38T_999,images/2PRDYS25V38T_999.JPG,blue,solid,Solid Cambric Culottes,747,Cambric,Sapphire,images_seg/2PRDYS25V38T_999.png,title
3PDFW25V137T_999,images/3PDFW25V137T_999.JPG,yellow,printed,Printed Cambric Straight Pants,1145,Cambric,Sapphire,images_seg/3PDFW25V137T_999.png,title
2PRDYS25V33T_999,images/2PRDYS25V33T_999.JPG,blue,printed,Printed Cambric Straight Pants,1145,Cambric,Sapphire,images_seg/2PRDYS25V33T_999.png,title
3PSDW25V211T_999,images/3PSDW25V211T_999.JPG,green,solid,Solid Lawn Straight Pants,1374,Textured Lawn,Sapphire,images_seg/3PSDW25V211T_999.png,title
3PRDYS25V46T_999,images/3PRDYS25V46T_999.JPG,maroon,solid,Solid Cambric Flared Pants,1494,Cambric,Sapphire,images_seg/3PRDYS25V46T_999.png,title
002PCHWW254T_999,images/002PCHWW254T_999.JPG,white,jacquard,Solid Dobby Straight Pants,1245,Dobby,Sapphire,images_seg/002PCHWW254T_999.png,title
3PRDY25V119D_999,images/3PRDY25V119D_999.JPG,multi,printed,Printed Voile Dupatta,1095,Fine Voile,Sapphire,images_seg/3PRDY25V119D_999.png,title
2PBSTE25V23T_999,images/2PBSTE25V23T_999.JPG,green,embroidered,Embroidered Cotton Viscose Straight Pants,1494,Cotton Viscose,Sapphire,images_seg/2PBSTE25V23T_999.png,title
3PCDFW25V21T_999,images/3PCDFW25V21T_999.JPG,grey,printed,Printed Cambric Culottes,1554,Cambric,Sapphire,images_seg/3PCDFW25V21T_999.png,title
3PRDF25V533T_999,images/3PRDF25V533T_999.JPG,blue,solid,Solid Cambric Flared Pants,1245,Cambric,Sapphire,images_seg/3PRDF25V533T_999.png,title
2PBDS25V138T_999,images/2PBDS25V138T_999.JPG,multi,printed,Printed Cambric Straight Pants,1245,Cambric,Sapphire,images_seg/2PBDS25V138T_999.png,title
2SSDW25V164T_999,images/2SSDW25V164T_999.JPG,blue,jacquard,Solid Dobby Culottes,2443,Dobby,Sapphire,images_seg/2SSDW25V164T_999.png,title
2PRSTE25V64T_999,images/2PRSTE25V64T_999.JPG,black,embroidered,Embroidered Cambric Culottes,1674,Cambric,Sapphire,images_seg/2PRSTE25V64T_999.png,title
2PBDD25V34SD_999,images/2PBDD25V34SD_999.JPG,green,embroidered,Embroidered Arabic Lawn Shirt,1995,Arabic Lawn,Sapphire,images_seg/2PBDD25V34SD_999.png,title
3PRSG25V330T_999,images/3PRSG25V330T_999.JPG,pink,printed,Printed Cambric Straight Pants,1145,Cambric,Sapphire,images_seg/3PRSG25V330T_999.png,title
0CPDYS25V213_999,images/0CPDYS25V213_999.JPG,white,embroidered,Embroidered Cambric Straight Pants,2095,Cambric,Sapphire,images_seg/0CPDYS25V213_999.png,title
3PDFW25V115T_999,images/3PDFW25V115T_999.JPG,green,solid,Solid Cambric Culottes,995,Cambric,Sapphire,images_seg/3PDFW25V115T_999.png,title
0PRSTW25V220_999,images/0PRSTW25V220_999.JPG,beige,printed,Printed Seersucker Shirt,3913,Seersucker,Sapphire,images_seg/0PRSTW25V220_999.png,title
CDFW25V1132T_999,images/CDFW25V1132T_999.JPG,green,printed,Printed Cambric Straight Pants,1374,Cambric,Sapphire,images_seg/CDFW25V1132T_999.png,title
CDFW25V1125T_999,images/CDFW25V1125T_999.JPG,beige,solid,Solid Cambric Straight Pants,1393,Cambric,Sapphire,images_seg/CDFW25V1125T_999.png,title
2PRDY25V218T_999,images/2PRDY25V218T_999.JPG,green,solid,Solid Cambric Straight Pants,687,Cambric,Sapphire,images_seg/2PRDY25V218T_999.png,title
3PPRW25V134T_999,images/3PPRW25V134T_999.JPG,black,printed,Printed Cambric Culottes,1245,Cambric,Sapphire,images_seg/3PPRW25V134T_999.png,title
PRSTW25V114T_999,images/PRSTW25V114T_999.JPG,grey,solid,Solid Cambric Culottes,1145,Cambric,Sapphire,images_seg/PRSTW25V114T_999.png,title
TESDW25V210T_999,images/TESDW25V210T_999.JPG,pink,embroidered,Embroidered Crosshatch Culottes,1794,Cross Hatch,Sapphire,images_seg/TESDW25V210T_999.png,title
3PRDF25V577T_999,images/3PRDF25V577T_999.JPG,blue,solid,Solid Cambric Culottes,1494,Cambric,Sapphire,images_seg/3PRDF25V577T_999.png,title
3PDFW25V312T_999,images/3PDFW25V312T_999.JPG,yellow,solid,Cotton Viscose Flared Pants,1254,Cotton Viscose,Sapphire,images_seg/3PDFW25V312T_999.png,clip
2PFSTS25V41T_999,images/2PFSTS25V41T_999.JPG,purple,printed,Cotton Viscose Flared Pants,837,Cotton Viscose,Sapphire,images_seg/2PFSTS25V41T_999.png,clip
03PBDS25V44T_999,images/03PBDS25V44T_999.JPG,brown,printed,Block Printed Flared Pants,1245,Cambric,Sapphire,images_seg/03PBDS25V44T_999.png,title
3PRSGE25V62T_999,images/3PRSGE25V62T_999.JPG,green,printed,Printed Cambric Straight Pants,1374,Cambric,Sapphire,images_seg/3PRSGE25V62T_999.png,title
2PBSTE25V32T_999,images/2PBSTE25V32T_999.JPG,green,printed,Printed Cambric Straight Pants,1145,Cambric,Sapphire,images_seg/2PBSTE25V32T_999.png,title
3PPRW25V139T_999,images/3PPRW25V139T_999.JPG,green,solid,Solid Cambric Culottes,1494,Cambric,Sapphire,images_seg/3PPRW25V139T_999.png,title
002PCHWW253T_999,images/002PCHWW253T_999.JPG,pink,jacquard,Solid Dobby Flared Pants,1395,Dobby,Sapphire,images_seg/002PCHWW253T_999.png,title
2PRDY25V221T_999,images/2PRDY25V221T_999.JPG,blue,solid,Solid Cambric Culottes,687,Cambric,Sapphire,images_seg/2PRDY25V221T_999.png,title
DEPRW25V155T_999,images/DEPRW25V155T_999.JPG,yellow,solid,Solid Cambric Culottes,1194,Cambric,Sapphire,images_seg/DEPRW25V155T_999.png,title
3PRDF25V431T_999,images/3PRDF25V431T_999.JPG,green,solid,Solid Cambric Flared Pants,1145,Cambric,Sapphire,images_seg/3PRDF25V431T_999.png,title
3PDFW25V119T_999,images/3PDFW25V119T_999.JPG,purple,printed,Printed Cambric Shalwar,1245,Cambric,Sapphire,images_seg/3PDFW25V119T_999.png,title
2PRDYS25V16T_999,images/2PRDYS25V16T_999.JPG,yellow,solid,Solid Cambric Shalwar,1495,Cambric,Sapphire,images_seg/2PRDYS25V16T_999.png,title
PREST25V216T_999,images/PREST25V216T_999.JPG,lilac,solid,Solid Cotton Straight Pants,1603,Textured Cotton,Sapphire,images_seg/PREST25V216T_999.png,title
CDFW25V1111T_999,images/CDFW25V1111T_999.JPG,green,printed,Printed Cambric Shalwar,1674,Cambric,Sapphire,images_seg/CDFW25V1111T_999.png,title
3PRSG25V240S_999,images/3PRSG25V240S_999.JPG,green,embroidered,Embroidered Zari Lawn Shirt,3495,Zari Lawn,Sapphire,images_seg/3PRSG25V240S_999.png,title
8008066433204,images/8008066433204.jpg,white,printed,RTW | SHIRT,4290,CAMBRIC,alkaram,images_seg/8008066433204.png,clip
8008066400436,images/8008066400436.jpg,blue,embroidered,RTW | SHIRT & CULOTTE,5790,CAMBRIC,alkaram,images_seg/8008066400436.png,clip
8008066334900,images/8008066334900.jpg,blue,printed,"RTW | SHIRT, CULOTTE & DUPATTA",8190,IRISH,alkaram,images_seg/8008066334900.png,clip
8008066269364,images/8008066269364.jpg,black,embroidered,RTW | SHIRT,3990,CAMBRIC,alkaram,images_seg/8008066269364.png,clip
8008066236596,images/8008066236596.jpg,white,printed,RTW | SHIRT & SHALWAR,7690,JACQUARD,alkaram,images_seg/8008066236596.png,clip
8008066171060,images/8008066171060.jpg,beige,embroidered,RTW | SHIRT & CULOTTE,7290,CAMBRIC,alkaram,images_seg/8008066171060.png,clip
8008066138292,images/8008066138292.jpg,black,embroidered,RTW | SHIRT & DUPATTA,5990,COTTON SILK,alkaram,images_seg/8008066138292.png,clip
8008066105524,images/8008066105524.jpg,blue,printed,RTW | SHIRT & TROUSER,5690,COTTON SILK,alkaram,images_seg/8008066105524.png,clip
8008065974452,images/8008065974452.jpg,black,printed,RTW | SHIRT,1791,KHADDAR,alkaram,images_seg/8008065974452.png,clip
8008065941684,images/8008065941684.jpg,pink,printed,RTW | SHIRT,1791,KHADDAR,alkaram,images_seg/8008065941684.png,clip
8008065876148,images/8008065876148.jpg,green,printed,RTW | SHIRT,1791,KHADDAR,alkaram,images_seg/8008065876148.png,clip
8008065843380,images/8008065843380.jpg,blue,printed,RTW | SHIRT,1791,KHADDAR,alkaram,images_seg/8008065843380.png,clip
8008065777844,images/8008065777844.jpg,yellow,printed,RTW | SHIRT,1791,KHADDAR,alkaram,images_seg/8008065777844.png,clip
8008065745076,images/8008065745076.jpg,purple,printed,RTW | SHIRT,1791,KHADDAR,alkaram,images_seg/8008065745076.png,clip
8008065712308,images/8008065712308.jpg,grey,printed,RTW | SHIRT,1791,KHADDAR,alkaram,images_seg/8008065712308.png,clip
8008065679540,images/8008065679540.jpg,blue,printed,RTW | SHIRT,1791,KHADDAR,alkaram,images_seg/8008065679540.png,clip
8008065614004,images/8008065614004.jpg,yellow,embroidered,RTW | SHIRT & TROUSER,7890,RAW SILK,alkaram,images_seg/8008065614004.png,clip
8008065581236,images/8008065581236.jpg,black,jacquard,RTW | PANTS,2690,LYCRA,alkaram,images_seg/8008065581236.png,clip
8008065515700,images/8008065515700.jpg,yellow,embroidered,"RTW | SHIRT, TROUSER & DUPATTA",9990,LUREX,alkaram,images_seg/8008065515700.png,clip
8008065450164,images/8008065450164.jpg,green,embroidered,"RTW | SHIRT, CULOTTE & DUPATTA",7690,CAMBRIC,alkaram,images_seg/8008065450164.png,clip
8008065384628,images/8008065384628.jpg,black,jacquard,RTW | SHIRT & CULOTTE,4590,YARN DYED,alkaram,images_seg/8008065384628.png,clip
8008065286324,images/8008065286324.jpg,blue,printed,RTW | SHIRT & CULOTTE,7990,JACQUARD,alkaram,images_seg/8008065286324.png,clip
8005789810868,images/8005789810868.jpg,pink,embroidered,RTW | SHIRT & DUPATTA,6990,IRISH,alkaram,images_seg/8005789810868.png,clip
8005789778100,images/8005789778100.jpg,green,embroidered,"RTW | SHIRT, CULOTTE & DUPATTA",8390,CAMBRIC,alkaram,images_seg/8005789778100.png,clip
8005789745332,images/8005789745332.jpg,black,embroidered,"RTW | SHIRT, CULOTTE & DUPATTA",7890,COTTON SILK,alkaram,images_seg/8005789745332.png,clip
8005789712564,images/8005789712564.jpg,green,embroidered,RTW | SHIRT & TROUSER,5990,CAMBRIC,alkaram,images_seg/8005789712564.png,clip
8005789679796,images/8005789679796.jpg,orange,embroidered,RTW | SHIRT & CULOTTE,5590,IRISH,alkaram,images_seg/8005789679796.png,clip
8005789647028,images/8005789647028.jpg,blue,solid,RTW | SHIRT & BOOTCUT PANTS,5890,YARN DYED,alkaram,images_seg/8005789647028.png,clip
8005789614260,images/8005789614260.jpg,blue,printed,RTW | SHIRT & CULOTTE,5590,POLY LAWN,alkaram,images_seg/8005789614260.png,clip
8003064889524,images/8003064889524.jpg,pink,printed,RTW | SHIRT,1791,KHADDAR,alkaram,images_seg/8003064889524.png,clip
8003064856756,images/8003064856756.jpg,blue,embroidered,RTW | SHIRT,3990,IRISH,alkaram,images_seg/8003064856756.png,clip
8003064791220,images/8003064791220.jpg,white,jacquard,RTW | SHALWAR,2690,COTTON SILK,alkaram,images_seg/8003064791220.png,clip
8003064758452,images/8003064758452.jpg,beige,embroidered,RTW | SHIRT & CULOTTE,6990,CAMBRIC,alkaram,images_seg/8003064758452.png,clip
8003064725684,images/8003064725684.jpg,black,jacquard,RTW | CULOTTES,1791,CAMBRIC,alkaram,images_seg/8003064725684.png,clip
8003064660148,images/8003064660148.jpg,beige,printed,"RTW | SHIRT, CULOTTE & DUPATTA",8190,CAMBRIC,alkaram,images_seg/8003064660148.png,clip
8003064627380,images/8003064627380.jpg,black,embroidered,"RTW | SHIRT, TROUSER & DUPATTA",7990,RAW SILK,alkaram,images_seg/8003064627380.png,clip
8003064561844,images/8003064561844.jpg,green,embroidered,RTW | SHIRT,3390,CAMBRIC,alkaram,images_seg/8003064561844.png,clip
8003064529076,images/8003064529076.jpg,orange,solid,RTW | SHIRT & CULOTTE,5890,DOBBY,alkaram,images_seg/8003064529076.png,clip
8002446819508,images/8002446819508.jpg,green,embroidered,RTW | ABAYA & STOLE,8290,NADA,alkaram,images_seg/8002446819508.png,clip
8002446753972,images/8002446753972.jpg,black,solid,RTW | ABAYA & STOLE,6390,NADA,alkaram,images_seg/8002446753972.png,clip
8002446721204,images/8002446721204.jpg,grey,solid,RTW | ABAYA & STOLE,6390,NADA,alkaram,images_seg/8002446721204.png,clip
8002446655668,images/8002446655668.jpg,brown,solid,RTW | ABAYA & STOLE,6390,NADA,alkaram,images_seg/8002446655668.png,clip
8002446557364,images/8002446557364.jpg,peach,solid,RTW | ABAYA & STOLE,6590,NADA,alkaram,images_seg/8002446557364.png,clip
8002446524596,images/8002446524596.jpg,green,solid,RTW | ABAYA & STOLE,6990,NADA,alkaram,images_seg/8002446524596.png,clip
8002022539444,images/8002022539444.jpg,pink,embroidered,RTW | SHIRT,1879,YARN DYED,alkaram,images_seg/8002022539444.png,clip
8002022473908,images/8002022473908.jpg,green,embroidered,RTW | SHIRT,3309,CAMBRIC,alkaram,images_seg/8002022473908.png,clip
8002022441140,images/8002022441140.jpg,blue,printed,RTW | SHIRT,1944,RAW SILK,alkaram,images_seg/8002022441140.png,clip
8002022408372,images/8002022408372.jpg,green,printed,RTW | SHIRT & TROUSER,3894,COTTON SILK,alkaram,images_seg/8002022408372.png,clip
8002022375604,images/8002022375604.jpg,green,printed,RTW | SHIRT,2984,COTTON SILK,alkaram,images_seg/8002022375604.png,clip
8002022310068,images/8002022310068.jpg,red,embroidered,RTW | SHIRT,2789,JACQUARD,alkaram,images_seg/8002022310068.png,clip
8002022277300,images/8002022277300.jpg,green,embroidered,RTW | SHIRT,3569,CAMBRIC,alkaram,images_seg/8002022277300.png,clip
8002022211764,images/8002022211764.jpg,pink,embroidered,RTW | SHIRT,4194,CAMBRIC,alkaram,images_seg/8002022211764.png,clip
8002022178996,images/8002022178996.jpg,pink,solid,RTW | TROUSER,1794,CAMBRIC,alkaram,images_seg/8002022178996.png,clip
8002022113460,images/8002022113460.jpg,pink,printed,RTW | SHIRT & DUPATTA,4024,ZARI LAWN,alkaram,images_seg/8002022113460.png,clip
8001621328052,images/8001621328052.jpg,black,embroidered,"RTW | SHIRT, TROUSER & DUPATTA",6968,SWISS COTTON,alkaram,images_seg/8001621328052.png,clip
8001621295284,images/8001621295284.jpg,blue,embroidered,RTW | SHIRT & CULLOTE,4943,DOBBY,alkaram,images_seg/8001621295284.png,clip
8001621262516,images/8001621262516.jpg,blue,embroidered,"RTW | SHIRT, CULOTTE & DUPATTA",7193,DOBBY,alkaram,images_seg/8001621262516.png,clip
8001621229748,images/8001621229748.jpg,grey,embroidered,"RTW | SHIRT, CULOTTE & DUPATTA",4934,IRISH,alkaram,images_seg/8001621229748.png,clip
8001621196980,images/8001621196980.jpg,blue,embroidered,RTW | SHIRT & CULLOTE,5243,JACQUARD,alkaram,images_seg/8001621196980.png,clip
8001621164212,images/8001621164212.jpg,red,embroidered,"RTW | SHIRT, TROUSER & DUPATTA",7268,LUREX JACQUARD,alkaram,images_seg/8001621164212.png,clip
8001621131444,images/8001621131444.jpg,orange,solid,RTW | SHIRT,1814,COTTON SILK,alkaram,images_seg/8001621131444.png,clip
8001621098676,images/8001621098676.jpg,orange,jacquard,RTW | BOOTCUT PANTS,1229,COTTON SILK,alkaram,images_seg/8001621098676.png,clip
8001621065908,images/8001621065908.jpg,orange,embroidered,RTW | SHIRT,1879,COTTON SILK,alkaram,images_seg/8001621065908.png,clip
8001621033140,images/8001621033140.jpg,green,embroidered,RTW | SHIRT,2919,CAMBRIC,alkaram,images_seg/8001621033140.png,clip
8001621000372,images/8001621000372.jpg,pink,embroidered,RTW | SHIRT,5994,CAMBRIC,alkaram,images_seg/8001621000372.png,clip
8001620967604,images/8001620967604.jpg,pink,embroidered,RTW | SHIRT & TROUSER,4154,YARN DYED,alkaram,images_seg/8001620967604.png,clip
8001620934836,images/8001620934836.jpg,white,jacquard,RTW | TROUSER,1489,LYCRA,alkaram,images_seg/8001620934836.png,clip
8001620902068,images/8001620902068.jpg,brown,embroidered,RTW | SHIRT & DUPATTA,3699,COTTON SILK,alkaram,images_seg/8001620902068.png,clip
8001172078772,images/8001172078772.jpg,black,embroidered,RTW | SHIRT,2243,CAMBRIC,alkaram,images_seg/8001172078772.png,clip
8001172013236,images/8001172013236.jpg,beige,printed,RTW | SHIRT,1791,KHADDAR,alkaram,images_seg/8001172013236.png,clip
8001171980468,images/8001171980468.jpg,maroon,printed,RTW | SHIRT,1791,KHADDAR,alkaram,images_seg/8001171980468.png,clip
8001171882164,images/8001171882164.jpg,red,embroidered,"RTW | SHIRT, CULOTTE & DUPATTA",6443,IRISH,alkaram,images_seg/8001171882164.png,clip
8001171849396,images/8001171849396.jpg,pink,embroidered,RTW | SHIRT & CULOTTE,7390,JACQUARD,alkaram,images_seg/8001171849396.png,clip
8000167215284,images/8000167215284.jpg,blue,printed,RTW | SHIRT,2399,Irish,alkaram,images_seg/8000167215284.png,clip
7999556386996,images/7999556386996.jpg,pink,printed,RTW | SHIRT,1943,KHADDAR,alkaram,images_seg/7999556386996.png,clip
7999556354228,images/7999556354228.jpg,white,printed,RTW | SHIRT,1791,KHADDAR,alkaram,images_seg/7999556354228.png,clip
7999556321460,images/7999556321460.jpg,blue,printed,RTW | SHIRT,1791,KHADDAR,alkaram,images_seg/7999556321460.png,clip
7999556288692,images/7999556288692.jpg,grey,printed,RTW | SHIRT,1791,KHADDAR,alkaram,images_seg/7999556288692.png,clip
7999556255924,images/7999556255924.jpg,green,printed,RTW | SHIRT,1791,KHADDAR,alkaram,images_seg/7999556255924.png,clip
7999556190388,images/7999556190388.jpg,orange,embroidered,"RTW | SHIRT, CULOTTE & DUPATTA",8390,IRISH,alkaram,images_seg/7999556190388.png,clip
7999556157620,images/7999556157620.jpg,maroon,embroidered,RTW | SHIRT & DUPATTA,4268,IRISH,alkaram,images_seg/7999556157620.png,clip
7999556124852,images/7999556124852.jpg,black,jacquard,RTW | TROUSER,1890,CAMBRIC,alkaram,images_seg/7999556124852.png,clip
7999556092084,images/7999556092084.jpg,white,jacquard,RTW | SHALWAR,2890,CAMBRIC,alkaram,images_seg/7999556092084.png,clip
7999556059316,images/7999556059316.jpg,white,embroidered,RTW | SHIRT & SHALWAR,5790,IRISH,alkaram,images_seg/7999556059316.png,clip
7999556026548,images/7999556026548.jpg,white,embroidered,RTW | SHIRT & CULOTTE,4284,IRISH,alkaram,images_seg/7999556026548.png,clip
7999555993780,images/7999555993780.jpg,black,embroidered,RTW | SHIRT,3368,CAMBRIC,alkaram,images_seg/7999555993780.png,clip
7999555961012,images/7999555961012.jpg,black,embroidered,RTW | DRESS,3893,CAMBRIC,alkaram,images_seg/7999555961012.png,clip
7999555928244,images/7999555928244.jpg,black,jacquard,RTW | BOOTCUT PANTS,1943,CAMBRIC,alkaram,images_seg/7999555928244.png,clip
7999555895476,images/7999555895476.jpg,black,embroidered,RTW | SHIRT,2993,CAMBRIC,alkaram,images_seg/7999555895476.png,clip
7999555862708,images/7999555862708.jpg,black,embroidered,RTW | SHIRT,3743,CAMBRIC,alkaram,images_seg/7999555862708.png,clip
7999555829940,images/7999555829940.jpg,green,embroidered,RTW | SHIRT & DUPATTA,4544,ZARI LAWN,alkaram,images_seg/7999555829940.png,clip
7999555797172,images/7999555797172.jpg,white,embroidered,"RTW | SHIRT, CULOTTE & DUPATTA",6299,DOBBY,alkaram,images_seg/7999555797172.png,clip
7999555764404,images/7999555764404.jpg,pink,solid,RTW | SHIRT & CULOTTE,4493,DOBBY,alkaram,images_seg/7999555764404.png,clip
7999555731636,images/7999555731636.jpg,black,jacquard,RTW | TROUSER,1749,LYCRA | SOLID,alkaram,images_seg/7999555731636.png,clip
7999555698868,images/7999555698868.jpg,green,printed,"RTW | SHIRT, CULOTTE & DUPATTA",7118,SWISS COTTON,alkaram,images_seg/7999555698868.png,clip
7999555666100,images/7999555666100.jpg,white,embroidered,RTW | SHIRT & CULLOTE,5243,IRISH,alkaram,images_seg/7999555666100.png,clip
7999555633332,images/7999555633332.jpg,peach,printed,RTW | SHIRT & DUPATTA,4804,ZARI LAWN,alkaram,images_seg/7999555633332.png,clip
7999555600564,images/7999555600564.jpg,beige,embroidered,RTW | SHIRT & SHALWAR,4544,YARN DYED,alkaram,images_seg/7999555600564.png,clip
7999555567796,images/7999555567796.jpg,maroon,embroidered,RTW | SHIRT & CULLOTE,4943,VISCOSE SLUB,alkaram,images_seg/7999555567796.png,clip
7999555535028,images/7999555535028.jpg,yellow,embroidered,"RTW | SHIRT, CULOTTE & DUPATTA",6593,SWISS COTTON,alkaram,images_seg/7999555535028.png,clip
7999555469492,images/7999555469492.jpg,blue,printed,RTW | SHIRT & CULOTTE,4643,SEAR SUCKER,alkaram,images_seg/7999555469492.png,clip
7999555436724,images/7999555436724.jpg,green,printed,RTW | SHIRT & CULOTTE,5993,IRISH,alkaram,images_seg/7999555436724.png,clip
7998535139508,images/7998535139508.jpg,blue,printed,RTW | SHIRT & SHALWAR,4043,CAMBRIC,alkaram,images_seg/7998535139508.png,clip
7998535106740,images/7998535106740.jpg,blue,printed,RTW | SHIRT & SHALWAR,4418,CAMBRIC,alkaram,images_seg/7998535106740.png,clip
7998535073972,images/7998535073972.jpg,green,printed,RTW | SHIRT & CULOTTE,4418,CAMBRIC,alkaram,images_seg/7998535073972.png,clip
7998535041204,images/7998535041204.jpg,pink,printed,RTW | SHIRT & BOOTCUT PANT,3293,CAMBRIC,alkaram,images_seg/7998535041204.png,clip
7998535008436,images/7998535008436.jpg,black,printed,RTW | SHIRT & BOOTCUT PANT,4718,CAMBRIC,alkaram,images_seg/7998535008436.png,clip
7998534975668,images/7998534975668.jpg,blue,embroidered,"RTW | SHIRT, CULOTTE & DUPATTA",6293,CAMBRIC,alkaram,images_seg/7998534975668.png,clip
7998534942900,images/7998534942900.jpg,white,embroidered,RTW | SHIRT & CULLOTE,4493,DOBBY,alkaram,images_seg/7998534942900.png,clip
7998534910132,images/7998534910132.jpg,beige,printed,RTW | SHIRT,1791,CAMBRIC,alkaram,images_seg/7998534910132.png,clip
7998534877364,images/7998534877364.jpg,pink,printed,RTW | SHIRT & DUPATTA,3634,IRISH,alkaram,images_seg/7998534877364.png,clip
7998534844596,images/7998534844596.jpg,blue,embroidered,"RTW | SHIRT, CULOTTE & DUPATTA",5259,DOBBY,alkaram,images_seg/7998534844596.png,clip
7998534811828,images/7998534811828.jpg,green,embroidered,RTW | SHIRT & CULLOTE,4024,CAMBRIC,alkaram,images_seg/7998534811828.png,clip
7998534779060,images/7998534779060.jpg,green,printed,RTW | SHIRT,2464,CAMBRIC,alkaram,images_seg/7998534779060.png,clip
7998534746292,images/7998534746292.jpg,white,jacquard,RTW | TROUSER,1343,CAMBRIC,alkaram,images_seg/7998534746292.png,clip
7998534713524,images/7998534713524.jpg,grey,embroidered,RTW | SHIRT,3114,RAW SILK,alkaram,images_seg/7998534713524.png,clip
7998534680756,images/7998534680756.jpg,blue,embroidered,"RTW | SHIRT, CULOTTE & DUPATTA",6143,CAMBRIC,alkaram,images_seg/7998534680756.png,clip
7998534647988,images/7998534647988.jpg,yellow,embroidered,RTW | SHIRT & CULLOTE,5468,JACQUARD,alkaram,images_seg/7998534647988.png,clip
7998534615220,images/7998534615220.jpg,brown,printed,RTW | SHIRT & CULOTTE,4568,SEAR SUCKER,alkaram,images_seg/7998534615220.png,clip
7998534582452,images/7998534582452.jpg,peach,printed,RTW | SHIRT & CULOTTE,4284,IRISH,alkaram,images_seg/7998534582452.png,clip
7998534549684,images/7998534549684.jpg,blue,printed,RTW | SHIRT & CULOTTE,3743,POLY LAWN,alkaram,images_seg/7998534549684.png,clip
7998534516916,images/7998534516916.jpg,brown,printed,RTW | SHIRT & CULLOTE,5393,JACQUARD,alkaram,images_seg/7998534516916.png,clip
7998534484148,images/7998534484148.jpg,black,embroidered,RTW | SHIRT & CULLOTE,4343,DOBBY,alkaram,images_seg/7998534484148.png,clip
7998534451380,images/7998534451380.jpg,white,embroidered,RTW | SHIRT,2139,IRISH,alkaram,images_seg/7998534451380.png,clip
7998534418612,images/7998534418612.jpg,black,printed,RTW | SHIRT & CULLOTE,4193,YARN DYED,alkaram,images_seg/7998534418612.png,clip
7998534385844,images/7998534385844.jpg,green,embroidered,"RTW | SHIRT, CULOTTE & DUPATTA",7868,SWISS COTTON,alkaram,images_seg/7998534385844.png,clip
7998534353076,images/7998534353076.jpg,brown,printed,RTW | SHIRT & CULOTTE,4493,VISCOSE,alkaram,images_seg/7998534353076.png,clip
7998534320308,images/7998534320308.jpg,blue,printed,RTW | SHIRT,2659,CAMBRIC,alkaram,images_seg/7998534320308.png,clip
7998534287540,images/7998534287540.jpg,green,embroidered,RTW | SHIRT,2984,LUREX JACQUARD,alkaram,images_seg/7998534287540.png,clip
7998534254772,images/7998534254772.jpg,grey,embroidered,RTW | SHIRT & DUPATTA,4089,CAMBRIC,alkaram,images_seg/7998534254772.png,clip
7998534222004,images/7998534222004.jpg,green,printed,RTW | SHIRT & CULLOTE,3818,POLY LAWN,alkaram,images_seg/7998534222004.png,clip
7998534189236,images/7998534189236.jpg,white,embroidered,RTW | SHIRT & SHALWAR,4284,DOBBY,alkaram,images_seg/7998534189236.png,clip
7998534156468,images/7998534156468.jpg,pink,solid,RTW | SHIRT & CULOTTE,4193,COTTON POLY,alkaram,images_seg/7998534156468.png,clip
7998534090932,images/7998534090932.jpg,blue,printed,RTW | SHIRT,2854,CAMBRIC,alkaram,images_seg/7998534090932.png,clip
7998533992628,images/7998533992628.jpg,black,printed,RTW | SHIRT & TROUSER,5590,POLY LAWN,alkaram,images_seg/7998533992628.png,clip
7997422764212,images/7997422764212.jpg,red,solid,RTW | SHIRT & CULLOTE,3959,DOBBY,alkaram,images_seg/7997422764212.png,clip
7997422731444,images/7997422731444.jpg,pink,embroidered,"RTW | SHIRT, SHALWAR & DUPATTA",8444,COTTON SILK,alkaram,images_seg/7997422731444.png,clip
7997422698676,images/7997422698676.jpg,yellow,embroidered,RTW | SHIRT & CULLOTE,6364,JACQUARD,alkaram,images_seg/7997422698676.png,clip
7997422665908,images/7997422665908.jpg,peach,embroidered,"RTW | SHIRT, CULOTTE & DUPATTA",7493,DOBBY,alkaram,images_seg/7997422665908.png,clip
7997422633140,images/7997422633140.jpg,blue,embroidered,RTW | SHIRT & SHALWAR,4284,IRISH,alkaram,images_seg/7997422633140.png,clip
7997422600372,images/7997422600372.jpg,black,printed,RTW | SHIRT,1791,CAMBRIC,alkaram,images_seg/7997422600372.png,clip
7997422567604,images/7997422567604.jpg,black,printed,RTW | SHIRT,1791,CAMBRIC,alkaram,images_seg/7997422567604.png,clip
7997422534836,images/7997422534836.jpg,yellow,solid,RTW | CULOTTES,1229,CAMBRIC,alkaram,images_seg/7997422534836.png,clip
7997422469300,images/7997422469300.jpg,green,printed,RTW | SHIRT,1791,CAMBRIC,alkaram,images_seg/7997422469300.png,clip
7997422436532,images/7997422436532.jpg,red,solid,RTW | SHIRT & SHALWAR,4343,DOBBY,alkaram,images_seg/7997422436532.png,clip
7997422403764,images/7997422403764.jpg,yellow,embroidered,RTW | SHIRT & CULLOTE,5168,IRISH,alkaram,images_seg/7997422403764.png,clip
7997422370996,images/7997422370996.jpg,blue,embroidered,"RTW | SHIRT, CULOTTE & DUPATTA",5129,IRISH,alkaram,images_seg/7997422370996.png,clip
7996569813172,images/7996569813172.jpg,lilac,embroidered,"RTW | SHIRT, CULOTTES & DUPATTA",5584,DOBBY,alkaram,images_seg/7996569813172.png,clip
7996569780404,images/7996569780404.jpg,black,printed,RTW | SHIRT,1791,CAMBRIC,alkaram,images_seg/7996569780404.png,clip
7996569747636,images/7996569747636.jpg,green,printed,RTW | SHIRT,1791,CAMBRIC,alkaram,images_seg/7996569747636.png,clip
7996569714868,images/7996569714868.jpg,lilac,printed,RTW | SHIRT,2919,IRISH,alkaram,images_seg/7996569714868.png,clip
7996569682100,images/7996569682100.jpg,grey,embroidered,RTW | SHIRT,3374,RAW SILK,alkaram,images_seg/7996569682100.png,clip
7996569649332,images/7996569649332.jpg,grey,embroidered,RTW | SHIRT,3374,RAW SILK,alkaram,images_seg/7996569649332.png,clip
7996569583796,images/7996569583796.jpg,grey,jacquard,RTW | BOOTCUT PANTS,2074,RAW SILK,alkaram,images_seg/7996569583796.png,clip
7996569551028,images/7996569551028.jpg,black,embroidered,RTW | SHIRT & CULOTTE,3244,CAMBRIC,alkaram,images_seg/7996569551028.png,clip
7996569518260,images/7996569518260.jpg,green,embroidered,"RTW | SHIRT, CULOTTES & DUPATTA",4934,CAMBRIC,alkaram,images_seg/7996569518260.png,clip
7996569485492,images/7996569485492.jpg,yellow,embroidered,RTW | SHIRT & CULOTTE,3569,IRISH,alkaram,images_seg/7996569485492.png,clip
7996569452724,images/7996569452724.jpg,white,embroidered,RTW | SHIRT & CULOTTE,3368,POLY LAWN,alkaram,images_seg/7996569452724.png,clip
7996569419956,images/7996569419956.jpg,green,embroidered,RTW | SHIRT & CULOTTE,4193,POLY LAWN,alkaram,images_seg/7996569419956.png,clip
7996569387188,images/7996569387188.jpg,multi,embroidered,RTW | SHIRT,2659,IRISH,alkaram,images_seg/7996569387188.png,clip
7996569354420,images/7996569354420.jpg,multi,printed,RTW | SHIRT,2659,IRISH,alkaram,images_seg/7996569354420.png,clip
7996569321652,images/7996569321652.jpg,multi,printed,RTW | CULOTTES,1359,IRISH,alkaram,images_seg/7996569321652.png,clip
7996569288884,images/7996569288884.jpg,multi,printed,RTW | BOOTCUT PANTS,1879,IRISH,alkaram,images_seg/7996569288884.png,clip
7996569256116,images/7996569256116.jpg,green,jacquard,RTW | CULOTTES,1814,CAMBRIC,alkaram,images_seg/7996569256116.png,clip
7996569223348,images/7996569223348.jpg,green,solid,RTW | BOOTCUT PANTS,1359,CAMBRIC,alkaram,images_seg/7996569223348.png,clip
7996569190580,images/7996569190580.jpg,green,solid,RTW | SHIRT,2139,CAMBRIC,alkaram,images_seg/7996569190580.png,clip
7996569157812,images/7996569157812.jpg,yellow,embroidered,RTW | SHIRT,3049,CAMBRIC,alkaram,images_seg/7996569157812.png,clip
7996569125044,images/7996569125044.jpg,yellow,embroidered,RTW | SHIRT,2594,CAMBRIC,alkaram,images_seg/7996569125044.png,clip
7996569092276,images/7996569092276.jpg,white,embroidered,RTW | SHIRT & CULOTTE,4118,IRISH,alkaram,images_seg/7996569092276.png,clip
7996569059508,images/7996569059508.jpg,purple,embroidered,"RTW | SHIRT, CULOTTES & DUPATTA",6743,CAMBRIC,alkaram,images_seg/7996569059508.png,clip
7996568993972,images/7996568993972.jpg,rust,embroidered,RTW | SHIRT,2139,ZARI LAWN,alkaram,images_seg/7996568993972.png,clip
7996568895668,images/7996568895668.jpg,white,embroidered,RTW | TROUSER,1619,COTTON SILK,alkaram,images_seg/7996568895668.png,clip
7996568862900,images/7996568862900.jpg,blue,printed,RTW | SHIRT & TROUSER,4219,JACQUARD,alkaram,images_seg/7996568862900.png,clip
7996568830132,images/7996568830132.jpg,pink,embroidered,RTW | SHIRT & CULOTTE,3443,POLY LAWN,alkaram,images_seg/7996568830132.png,clip
7995143291060,images/7995143291060.jpg,black,printed,RTW | SHIRT,2269,CAMBRIC,alkaram,images_seg/7995143291060.png,clip
7995143258292,images/7995143258292.jpg,black,printed,RTW | SHIRT,2399,CAMBRIC,alkaram,images_seg/7995143258292.png,clip
7995143225524,images/7995143225524.jpg,black,printed,RTW | BOOTCUT PANTS,1489,CAMBRIC,alkaram,images_seg/7995143225524.png,clip
7995143192756,images/7995143192756.jpg,black,printed,RTW | BOOTCUT PANTS,1359,CAMBRIC,alkaram,images_seg/7995143192756.png,clip
7995143159988,images/7995143159988.jpg,green,printed,RTW | SHIRT,1791,LAWN,alkaram,images_seg/7995143159988.png,clip
7995143127220,images/7995143127220.jpg,maroon,embroidered,RTW | SHIRT & CULLOTE,3668,YARN DYED,alkaram,images_seg/7995143127220.png,clip
7995143094452,images/7995143094452.jpg,blue,printed,RTW | SHIRT,1791,CAMBRIC,alkaram,images_seg/7995143094452.png,clip
7995143061684,images/7995143061684.jpg,yellow,printed,RTW | SHIRT,1791,LAWN,alkaram,images_seg/7995143061684.png,clip
7995142996148,images/7995142996148.jpg,green,embroidered,"RTW | SHIRT, TROUSER & DUPATTA",5194,CAMBRIC,alkaram,images_seg/7995142996148.png,clip
7994039206068,images/7994039206068.jpg,green,embroidered,RTW | CULOTTES,1164,CAMBRIC,alkaram,images_seg/7994039206068.png,clip
7994039173300,images/7994039173300.jpg,grey,embroidered,RTW | SHIRT & CULOTTE,6518,COTTON SATIN,alkaram,images_seg/7994039173300.png,clip
7994039140532,images/7994039140532.jpg,green,embroidered,RTW | SHIRT & CULOTTE,5993,COTTON SATIN,alkaram,images_seg/7994039140532.png,clip
7994039107764,images/7994039107764.jpg,blue,embroidered,RTW | SHIRT & CULOTTE,6218,COTTON SATIN,alkaram,images_seg/7994039107764.png,clip
7994039074996,images/7994039074996.jpg,beige,embroidered,RTW | SHIRT & CULOTTE,6218,COTTON SATIN,alkaram,images_seg/7994039074996.png,clip
7994039042228,images/7994039042228.jpg,black,embroidered,RTW | SHIRT & CULOTTE,6218,DOBBY,alkaram,images_seg/7994039042228.png,clip
7994039009460,images/7994039009460.jpg,brown,embroidered,RTW | SHIRT & CULOTTE,6218,COTTON SATIN,alkaram,images_seg/7994039009460.png,clip
7993466421428,images/7993466421428.jpg,blue,embroidered,RTW | SHIRT & TROUSER,5243,DOBBY,alkaram,images_seg/7993466421428.png,clip
7993466388660,images/7993466388660.jpg,blue,embroidered,RTW | SHIRT & CULLOTE,3504,YARN DYED,alkaram,images_seg/7993466388660.png,clip
7993466355892,images/7993466355892.jpg,yellow,printed,RTW | SHIRT,3049,IRISH,alkaram,images_seg/7993466355892.png,clip
7993466323124,images/7993466323124.jpg,yellow,printed,RTW | SHIRT,3049,IRISH,alkaram,images_seg/7993466323124.png,clip
7993466290356,images/7993466290356.jpg,yellow,embroidered,RTW | BOOTCUT PANTS,1619,IRISH,alkaram,images_seg/7993466290356.png,clip
7993466257588,images/7993466257588.jpg,black,embroidered,RTW | TROUSER,1793,COTTON SILK,alkaram,images_seg/7993466257588.png,clip
7993466224820,images/7993466224820.jpg,white,embroidered,RTW | SHALWAR,1879,CAMBRIC,alkaram,images_seg/7993466224820.png,clip
7993466192052,images/7993466192052.jpg,white,embroidered,RTW | CULOTTES,1791,CAMBRIC,alkaram,images_seg/7993466192052.png,clip
7993466159284,images/7993466159284.jpg,yellow,printed,RTW | SHIRT,1791,CAMBRIC,alkaram,images_seg/7993466159284.png,clip
7993466126516,images/7993466126516.jpg,pink,printed,RTW | SHIRT,1791,CAMBRIC,alkaram,images_seg/7993466126516.png,clip
7993466093748,images/7993466093748.jpg,green,printed,RTW | SHIRT,1791,LAWN,alkaram,images_seg/7993466093748.png,clip
7993466060980,images/7993466060980.jpg,yellow,embroidered,RTW | SHIRT & CULOTTE,6518,COTTON VISCOSE,alkaram,images_seg/7993466060980.png,clip
7993466028212,images/7993466028212.jpg,pink,embroidered,RTW | SHIRT & CULOTTE,6518,COTTON SATIN,alkaram,images_seg/7993466028212.png,clip
7993465995444,images/7993465995444.jpg,white,embroidered,RTW | SHIRT & TROUSER,6218,COTTON SATIN,alkaram,images_seg/7993465995444.png,clip
7993465962676,images/7993465962676.jpg,blue,printed,RTW | SHIRT & CULOTTE,6218,COTTON SATIN,alkaram,images_seg/7993465962676.png,clip
7993465929908,images/7993465929908.jpg,beige,printed,RTW | SHIRT,1791,LAWN,alkaram,images_seg/7993465929908.png,clip
7993465831604,images/7993465831604.jpg,green,embroidered,RTW | SHIRT & SHALWAR,4219,YARN DYED,alkaram,images_seg/7993465831604.png,clip
7993465798836,images/7993465798836.jpg,orange,solid,RTW | SHIRT & SHALWAR,3634,SATIN,alkaram,images_seg/7993465798836.png,clip
7991710908596,images/7991710908596.jpg,green,embroidered,RTW | SHIRT,3244,RAW SILK,alkaram,images_seg/7991710908596.png,clip
7991710875828,images/7991710875828.jpg,beige,embroidered,RTW | BOOTCUT PANTS,1619,RAW SILK,alkaram,images_seg/7991710875828.png,clip
7991710843060,images/7991710843060.jpg,beige,embroidered,RTW | SHIRT,2139,RAW SILK,alkaram,images_seg/7991710843060.png,clip
7991710810292,images/7991710810292.jpg,beige,embroidered,RTW | SHIRT,2919,RAW SILK,alkaram,images_seg/7991710810292.png,clip
7991710744756,images/7991710744756.jpg,purple,solid,RTW | SHIRT & TROUSER,3634,COTTON SILK,alkaram,images_seg/7991710744756.png,clip
7991710679220,images/7991710679220.jpg,yellow,embroidered,RTW | SHIRT & CULOTTE,4869,RAW SILK,alkaram,images_seg/7991710679220.png,clip
7991710646452,images/7991710646452.jpg,blue,printed,RTW | SHIRT,3374,RAW SILK,alkaram,images_seg/7991710646452.png,clip
7991710613684,images/7991710613684.jpg,blue,printed,RTW | BOOTCUT PANTS,1489,RAW SILK,alkaram,images_seg/7991710613684.png,clip
7991710580916,images/7991710580916.jpg,green,printed,RTW | SHIRT & TROUSER,3569,CAMBRIC,alkaram,images_seg/7991710580916.png,clip
7991710515380,images/7991710515380.jpg,blue,embroidered,RTW | SHIRT & CULOTTE,4479,LUREX,alkaram,images_seg/7991710515380.png,clip
7991710482612,images/7991710482612.jpg,multi,printed,RTW | SHIRT,1791,CAMBRIC,alkaram,images_seg/7991710482612.png,clip
7991710449844,images/7991710449844.jpg,pink,embroidered,RTW | SHIRT,1791,LAWN,alkaram,images_seg/7991710449844.png,clip
7991710417076,images/7991710417076.jpg,peach,embroidered,RTW | SHIRT & CULOTTE,3894,COTTON SILK,alkaram,images_seg/7991710417076.png,clip
7991710384308,images/7991710384308.jpg,blue,printed,RTW | SHIRT & SHALWAR,3968,POLY LAWN,alkaram,images_seg/7991710384308.png,clip
7991710318772,images/7991710318772.jpg,green,embroidered,RTW | SHIRT,3368,IRISH,alkaram,images_seg/7991710318772.png,clip
7991710286004,images/7991710286004.jpg,green,embroidered,RTW | SHIRT & SHALWAR,4943,IRISH,alkaram,images_seg/7991710286004.png,clip
7991710253236,images/7991710253236.jpg,yellow,embroidered,RTW | SHIRT,1791,CAMBRIC,alkaram,images_seg/7991710253236.png,clip
7991710187700,images/7991710187700.jpg,multi,printed,RTW | SHIRT,1791,CAMBRIC,alkaram,images_seg/7991710187700.png,clip
7991710154932,images/7991710154932.jpg,green,printed,RTW | SHIRT & CULOTTE,4418,CREPE,alkaram,images_seg/7991710154932.png,clip
7991710122164,images/7991710122164.jpg,multi,embroidered,RTW | SHIRT & CULOTTE,3244,JACQUARD,alkaram,images_seg/7991710122164.png,clip
7983890399412,images/7983890399412.jpg,white,printed,RTW | SHIRT & CULLOTE,4418,POLY LAWN,alkaram,images_seg/7983890399412.png,clip
7983890366644,images/7983890366644.jpg,black,embroidered,RTW | SHIRT,2464,IRISH,alkaram,images_seg/7983890366644.png,clip
7983890333876,images/7983890333876.jpg,black,printed,RTW | TROUSER,1619,IRISH,alkaram,images_seg/7983890333876.png,clip
7983890301108,images/7983890301108.jpg,black,printed,RTW | SHIRT,2919,IRISH,alkaram,images_seg/7983890301108.png,clip
7983890268340,images/7983890268340.jpg,black,jacquard,RTW | CULOTTE,1489,LYCRA,alkaram,images_seg/7983890268340.png,clip
7983890235572,images/7983890235572.jpg,red,embroidered,RTW | SHIRT & TROUSER,3894,COTTON SILK,alkaram,images_seg/7983890235572.png,clip
7983890202804,images/7983890202804.jpg,black,jacquard,RTW | TROUSER,1359,LYCRA,alkaram,images_seg/7983890202804.png,clip
7983347761332,images/7983347761332.jpg,black,embroidered,RTW | TROUSER,1489,COTTON SILK,alkaram,images_seg/7983347761332.png,clip
7983347728564,images/7983347728564.jpg,black,printed,RTW | SHIRT & CULOTTE,3990,YARN DYED,alkaram,images_seg/7983347728564.png,clip
7983347695796,images/7983347695796.jpg,blue,printed,"RTW | SHIRT, CULOTTE & DUPATTA",5519,ZARI LAWN,alkaram,images_seg/7983347695796.png,clip
7983347663028,images/7983347663028.jpg,white,embroidered,RTW | SHIRT & CULOTTE,4479,ZARI LAWN,alkaram,images_seg/7983347663028.png,clip
7981594443956,images/7981594443956.jpg,grey,embroidered,RTW | SHIRT & BOOTCUT PANT,4609,IRISH,alkaram,images_seg/7981594443956.png,clip
7981559414964,images/7981559414964.jpg,purple,embroidered,RTW | SHIRT & TROUSER,3829,IRISH,alkaram,images_seg/7981559414964.png,clip
7981559382196,images/7981559382196.jpg,white,embroidered,RTW | TROUSER,1489,COTTON SILK,alkaram,images_seg/7981559382196.png,clip
7981559349428,images/7981559349428.jpg,lilac,printed,RTW  | SHIRT,2464,IRISH,alkaram,images_seg/7981559349428.png,clip
7981559283892,images/7981559283892.jpg,lilac,printed,RTW  | SHIRT,2529,IRISH,alkaram,images_seg/7981559283892.png,clip
7981559218356,images/7981559218356.jpg,multi,printed,RTW  | SHIRT & TROUSER,5064,DOBBY,alkaram,images_seg/7981559218356.png,clip
7981559185588,images/7981559185588.jpg,beige,embroidered,RTW  | SHIRT & CULOTTE,3894,JACQUARD,alkaram,images_seg/7981559185588.png,clip
7981559152820,images/7981559152820.jpg,beige,printed,RTW  | SHIRT & CULOTTE,4414,JACQUARD,alkaram,images_seg/7981559152820.png,clip
7981559120052,images/7981559120052.jpg,purple,printed,RTW  | SHIRT & TROUSER,4804,JACQUARD,alkaram,images_seg/7981559120052.png,clip
7981559087284,images/7981559087284.jpg,lilac,jacquard,RTW  | BOOTCUT PANT,1749,IRISH,alkaram,images_seg/7981559087284.png,clip
7981559054516,images/7981559054516.jpg,black,printed,RTW  | SHIRT & CULOTTE,3569,CAMBRIC,alkaram,images_seg/7981559054516.png,clip
7981559021748,images/7981559021748.jpg,green,printed,RTW  | SHIRT & TROUSER,3764,CAMBRIC,alkaram,images_seg/7981559021748.png,clip
7981558956212,images/7981558956212.jpg,multi,printed,RTW  | SHIRT,2009,CAMBRIC,alkaram,images_seg/7981558956212.png,clip
7981558923444,images/7981558923444.jpg,blue,embroidered,RTW  | SHIRT & CULOTTE,4934,JACQUARD,alkaram,images_seg/7981558923444.png,clip
7981558890676,images/7981558890676.jpg,blue,printed,RTW  | SHIRT,2009,CAMBRIC,alkaram,images_seg/7981558890676.png,clip
7981558857908,images/7981558857908.jpg,multi,printed,RTW  | SHIRT,1944,CAMBRIC,alkaram,images_seg/7981558857908.png,clip
7981558825140,images/7981558825140.jpg,red,printed,RTW  | SHIRT,2009,CAMBRIC,alkaram,images_seg/7981558825140.png,clip
7981558792372,images/7981558792372.jpg,pink,embroidered,RTW  | SHIRT & CULOTTE,3569,YARN DYED,alkaram,images_seg/7981558792372.png,clip
7981558759604,images/7981558759604.jpg,grey,printed,RTW  | SHIRT,2854,CAMBRIC,alkaram,images_seg/7981558759604.png,clip
7981558726836,images/7981558726836.jpg,grey,printed,RTW  | SHIRT,3049,CAMBRIC,alkaram,images_seg/7981558726836.png,clip
7981558694068,images/7981558694068.jpg,brown,printed,RTW  | BOOTCUT PANT,1879,JACQUARD,alkaram,images_seg/7981558694068.png,clip
7981558661300,images/7981558661300.jpg,brown,printed,RTW  | SHIRT,2399,JACQUARD,alkaram,images_seg/7981558661300.png,clip
7981558628532,images/7981558628532.jpg,grey,jacquard,RTW  | TROUSER,1944,CAMBRIC,alkaram,images_seg/7981558628532.png,clip
7981558595764,images/7981558595764.jpg,blue,embroidered,"RTW  | SHIRT, CULOTTE & DUPATTA",5844,DOBBY,alkaram,images_seg/7981558595764.png,clip
7981558562996,images/7981558562996.jpg,black,printed,"RTW  | SHIRT, CULOTTE & DUPATTA",5324,COTTON SILK,alkaram,images_seg/7981558562996.png,clip
7981558497460,images/7981558497460.jpg,black,embroidered,RTW  | SHALWAR,1944,COTTON SILK,alkaram,images_seg/7981558497460.png,clip
7981558464692,images/7981558464692.jpg,pink,embroidered,RTW  | SHIRT & CULOTTE,3569,IRISH,alkaram,images_seg/7981558464692.png,clip
7981558431924,images/7981558431924.jpg,beige,embroidered,RTW  | SHIRT & CULOTTE,3569,YARN DYED,alkaram,images_seg/7981558431924.png,clip
7981558366388,images/7981558366388.jpg,yellow,solid,"RTW  | SHIRT, TROUSER & DUPATTA",7144,JACQUARD,alkaram,images_seg/7981558366388.png,clip
7981558333620,images/7981558333620.jpg,beige,embroidered,"RTW  | SHIRT, TROUSER & DUPATTA",4739,IRISH,alkaram,images_seg/7981558333620.png,clip
7981558300852,images/7981558300852.jpg,green,solid,RTW  | SHIRT & FARSHI SHALWAR,4284,LAWN,alkaram,images_seg/7981558300852.png,clip
7981558268084,images/7981558268084.jpg,beige,embroidered,RTW  | SHIRT,3894,MALAI LAWN,alkaram,images_seg/7981558268084.png,clip
7981558235316,images/7981558235316.jpg,black,jacquard,RTW  | SHALWAR,1749,COTTON SILK,alkaram,images_seg/7981558235316.png,clip
7981558202548,images/7981558202548.jpg,white,printed,"RTW  | SHIRT, CULOTTE & DUPATTA",5519,ZARI LAWN,alkaram,images_seg/7981558202548.png,clip
7981558137012,images/7981558137012.jpg,red,embroidered,"RTW  | SHIRT, TROUSER & DUPATTA",7990,IRISH,alkaram,images_seg/7981558137012.png,clip
7981558104244,images/7981558104244.jpg,black,embroidered,"RTW  | SHIRT, SHALWAR & DUPATTA",5389,IRISH,alkaram,images_seg/7981558104244.png,clip
7981558071476,images/7981558071476.jpg,green,embroidered,"RTW  | SHIRT, CULOTTE & DUPATTA",6039,RAW SILK,alkaram,images_seg/7981558071476.png,clip
7981558038708,images/7981558038708.jpg,beige,embroidered,RTW  | SHIRT & CULOTTE,4219,COTTON SILK,alkaram,images_seg/7981558038708.png,clip
7981558005940,images/7981558005940.jpg,green,jacquard,RTW  | SHIRT & TROUSER,3569,YARN DYED,alkaram,images_seg/7981558005940.png,clip
7981557973172,images/7981557973172.jpg,white,embroidered,RTW  | TROUSER,1491,LYCRA,alkaram,images_seg/7981557973172.png,clip
7981557940404,images/7981557940404.jpg,white,embroidered,RTW  | SHIRT & CULOTTE,4544,YARN DYED,alkaram,images_seg/7981557940404.png,clip
7981557907636,images/7981557907636.jpg,black,printed,RTW  | PANTS,1791,CAMBRIC,alkaram,images_seg/7981557907636.png,clip
7981557874868,images/7981557874868.jpg,black,printed,RTW  | SHIRT,2594,TWOWAY SLUB,alkaram,images_seg/7981557874868.png,clip
7981557842100,images/7981557842100.jpg,black,printed,RTW  | SHIRT,2659,TWOWAY SLUB,alkaram,images_seg/7981557842100.png,clip
7981557809332,images/7981557809332.jpg,green,embroidered,RTW  | SHIRT & CULOTTE,4284,JACQUARD,alkaram,images_seg/7981557809332.png,clip
7981557776564,images/7981557776564.jpg,black,printed,"RTW  | SHIRT, TROUSER & DUPATTA",5790,CAMBRIC,alkaram,images_seg/7981557776564.png,clip
7981557743796,images/7981557743796.jpg,blue,printed,"RTW  | SHIRT, CULOTTE & DUPATTA",4999,IRISH,alkaram,images_seg/7981557743796.png,clip
7981557711028,images/7981557711028.jpg,pink,embroidered,RTW  | SHIRT & CULOTTE,3244,COTTON SILK,alkaram,images_seg/7981557711028.png,clip
7981557678260,images/7981557678260.jpg,white,embroidered,RTW  | SHALWAR,1944,COTTON SILK,alkaram,images_seg/7981557678260.png,clip
7981557579956,images/7981557579956.jpg,pink,embroidered,RTW  | SHIRT & CULOTTE,3518,YARN DYED,alkaram,images_seg/7981557579956.png,clip
7981557547188,images/7981557547188.jpg,black,embroidered,RTW  | SHIRT & CULOTTE,4349,COTTON SILK,alkaram,images_seg/7981557547188.png,clip
7981557514420,images/7981557514420.jpg,green,embroidered,RTW  | SHIRT & CULOTTE,4544,CAMBRIC,alkaram,images_seg/7981557514420.png,clip
7981557481652,images/7981557481652.jpg,white,embroidered,RTW  | SHIRT & CULOTTE,4219,JACQUARD,alkaram,images_seg/7981557481652.png,clip
7981557448884,images/7981557448884.jpg,orange,printed,RTW  | SHIRT,2139,CAMBRIC,alkaram,images_seg/7981557448884.png,clip
7978288316596,images/7978288316596.jpg,orange,printed,RTW  | SHIRT & CULOTTE,4414,IRISH,alkaram,images_seg/7978288316596.png,clip
7978288251060,images/7978288251060.jpg,maroon,printed,RTW  | SHIRT,3179,JACQUARD,alkaram,images_seg/7978288251060.png,clip
7978288185524,images/7978288185524.jpg,green,printed,RTW  | SHIRT,3569,RAW SILK,alkaram,images_seg/7978288185524.png,clip
7978288152756,images/7978288152756.jpg,orange,solid,RTW  | SHIRT,2074,YARN DYED,alkaram,images_seg/7978288152756.png,clip
7978288119988,images/7978288119988.jpg,white,embroidered,"RTW  | SHIRT, TROUSER & DUPATTA",5584,IRISH,alkaram,images_seg/7978288119988.png,clip
7978288087220,images/7978288087220.jpg,blue,embroidered,RTW  | SHIRT,2454,CAMBRIC,alkaram,images_seg/7978288087220.png,clip
7978288054452,images/7978288054452.jpg,brown,solid,RTW  | SHIRT & CULOTTE,3244,CAMBRIC,alkaram,images_seg/7978288054452.png,clip
7978288021684,images/7978288021684.jpg,white,printed,"RTW  | SHIRT, TROUSER & DUPATTA",4999,CAMBRIC,alkaram,images_seg/7978288021684.png,clip
7978287988916,images/7978287988916.jpg,pink,printed,RTW  | SHIRT & DUPATTA,3894,COTTON SILK,alkaram,images_seg/7978287988916.png,clip
7978287956148,images/7978287956148.jpg,green,embroidered,"RTW  | SHIRT, TROUSER & DUPATTA",5844,ZARI LAWN,alkaram,images_seg/7978287956148.png,clip
7978287923380,images/7978287923380.jpg,blue,solid,RTW  | SHIRT & CULOTTE,3594,DYED,alkaram,images_seg/7978287923380.png,clip
7976207024308,images/7976207024308.jpg,red,embroidered,"RTW | SHIRT, TROUSER & DUPATTA",7469,LAWN,alkaram,images_seg/7976207024308.png,clip
7976206991540,images/7976206991540.jpg,purple,embroidered,RTW | SHIRT & TROUSER,4219,ZARI LAWN,alkaram,images_seg/7976206991540.png,clip
7976206958772,images/7976206958772.jpg,white,embroidered,RTW | TROUSER,1229,LYCRA,alkaram,images_seg/7976206958772.png,clip
7976206926004,images/7976206926004.jpg,pink,embroidered,RTW | SHIRT & CULOTTE,3569,CAMBRIC,alkaram,images_seg/7976206926004.png,clip
7976206827700,images/7976206827700.jpg,blue,solid,RTW | SHIRT & TROUSER,3594,CAMBRIC,alkaram,images_seg/7976206827700.png,clip
7976206696628,images/7976206696628.jpg,blue,printed,"RTW | SHIRT, TROUSER & DUPATTA",4544,CAMBRIC,alkaram,images_seg/7976206696628.png,clip
7976206631092,images/7976206631092.jpg,pink,embroidered,RTW | SHIRT/TROUSER,3569,IRISH,alkaram,images_seg/7976206631092.png,clip
7976206598324,images/7976206598324.jpg,pink,embroidered,RTW | SHIRT,5194,IRISH,alkaram,images_seg/7976206598324.png,clip
7976206565556,images/7976206565556.jpg,blue,embroidered,RTW | SHIRT & CULOTTE,4024,JACQUARD,alkaram,images_seg/7976206565556.png,clip
7976206532788,images/7976206532788.jpg,purple,printed,RTW | SHIRT & CULLOTE,3829,JACQUARD,alkaram,images_seg/7976206532788.png,clip
7976206500020,images/7976206500020.jpg,black,printed,RTW | SHIRT,2204,CAMBRIC,alkaram,images_seg/7976206500020.png,clip
7976206467252,images/7976206467252.jpg,black,printed,"RTW | SHIRT, CULOTTE & DUPATTA",6990,CAMBRIC,alkaram,images_seg/7976206467252.png,clip
7976206434484,images/7976206434484.jpg,maroon,embroidered,"RTW | SHIRT, TROUSER & DUPATTA",5844,DOBBY,alkaram,images_seg/7976206434484.png,clip
7976206401716,images/7976206401716.jpg,green,embroidered,RTW | SHIRT & TROUSER,4544,ZARI LAWN,alkaram,images_seg/7976206401716.png,clip
7973914607796,images/7973914607796.jpg,white,solid,RTW | SHIRT & CULOTTE,3439,YARN DYED,alkaram,images_seg/7973914607796.png,clip
7973914509492,images/7973914509492.jpg,beige,embroidered,RTW | SHIRT & CULOTTE,4284,CAMBRIC,alkaram,images_seg/7973914509492.png,clip
7973914443956,images/7973914443956.jpg,yellow,printed,RTW | SHIRT,1791,LAWN,alkaram,images_seg/7973914443956.png,clip
7973914411188,images/7973914411188.jpg,pink,printed,RTW | SHIRT,1791,LAWN,alkaram,images_seg/7973914411188.png,clip
7973914345652,images/7973914345652.jpg,pink,printed,RTW | SHIRT,1791,LAWN,alkaram,images_seg/7973914345652.png,clip
7973914312884,images/7973914312884.jpg,green,printed,RTW | SHIRT,1791,LAWN,alkaram,images_seg/7973914312884.png,clip
7973914280116,images/7973914280116.jpg,multi,printed,RTW | SHIRT,1791,LAWN,alkaram,images_seg/7973914280116.png,clip
7973914247348,images/7973914247348.jpg,yellow,printed,"RTW | SHIRT, CULOTTE & DUPATTA",5324,IRISH,alkaram,images_seg/7973914247348.png,clip
7973368889524,images/7973368889524.jpg,black,embroidered,RTW | SHIRT & CULOTTE,4219,CAMBRIC,alkaram,images_seg/7973368889524.png,clip
7973368791220,images/7973368791220.jpg,black,embroidered,RTW | SHIRT,2590,CAMBRIC,alkaram,images_seg/7973368791220.png,clip
7973368725684,images/7973368725684.jpg,blue,printed,RTW | SHIRT,2139,CAMBRIC,alkaram,images_seg/7973368725684.png,clip
7973368692916,images/7973368692916.jpg,black,printed,RTW | SHIRT,2139,CAMBRIC,alkaram,images_seg/7973368692916.png,clip
7973368496308,images/7973368496308.jpg,beige,jacquard,Stitched - 3 Pc Printed Dobby Outft,5194,DOBBY,alkaram,images_seg/7973368496308.png,title
7970883207348,images/7970883207348.jpg,orange,printed,RTW | SHIRT,2789,IRISH,alkaram,images_seg/7970883207348.png,clip
7970883043508,images/7970883043508.jpg,grey,printed,"RTW | SHIRT, TROUSER & DUPATTA",4544,CAMBRIC,alkaram,images_seg/7970883043508.png,clip
7970882945204,images/7970882945204.jpg,red,embroidered,"RTW | SHIRT, TROUSER & DUPATTA",5194,CAMBRIC,alkaram,images_seg/7970882945204.png,clip
7970882879668,images/7970882879668.jpg,beige,printed,RTW | SHIRT,1791,LAWN,alkaram,images_seg/7970882879668.png,clip
7970882781364,images/7970882781364.jpg,purple,printed,RTW | SHIRT,1791,LAWN,alkaram,images_seg/7970882781364.png,clip
7970882715828,images/7970882715828.jpg,green,printed,RTW | SHIRT,1791,LAWN,alkaram,images_seg/7970882715828.png,clip
7970882650292,images/7970882650292.jpg,green,printed,RTW | SHIRT,1791,LAWN,alkaram,images_seg/7970882650292.png,clip
7970882584756,images/7970882584756.jpg,green,printed,RTW | SHIRT,1791,LAWN,alkaram,images_seg/7970882584756.png,clip
7970882453684,images/7970882453684.jpg,black,embroidered,"RTW | SHIRT, TROUSER & DUPATTA",4544,CAMBRIC,alkaram,images_seg/7970882453684.png,clip
7970882388148,images/7970882388148.jpg,green,embroidered,RTW | SHIRT,3569,YARN DYED,alkaram,images_seg/7970882388148.png,clip
7970882289844,images/7970882289844.jpg,pink,printed,RTW | SHIRT,2074,CAMBRIC,alkaram,images_seg/7970882289844.png,clip
7961241321652,images/7961241321652.jpg,green,printed,RTW | SHIRT,1791,LAWN,alkaram,images_seg/7961241321652.png,clip
7961241288884,images/7961241288884.jpg,black,printed,RTW | SHIRT,1791,LAWN,alkaram,images_seg/7961241288884.png,clip
7961241256116,images/7961241256116.jpg,yellow,printed,RTW | SHIRT,1791,LAWN,alkaram,images_seg/7961241256116.png,clip
7961241223348,images/7961241223348.jpg,multi,printed,RTW | SHIRT,1791,LAWN,alkaram,images_seg/7961241223348.png,clip
7961241190580,images/7961241190580.jpg,yellow,printed,RTW | SHIRT,1791,LAWN,alkaram,images_seg/7961241190580.png,clip
7961241157812,images/7961241157812.jpg,pink,printed,RTW | SHIRT,1791,LAWN,alkaram,images_seg/7961241157812.png,clip
7961241125044,images/7961241125044.jpg,green,printed,RTW | SHIRT,1791,LAWN,alkaram,images_seg/7961241125044.png,clip
7961241059508,images/7961241059508.jpg,multi,printed,RTW | SHIRT,1791,LAWN,alkaram,images_seg/7961241059508.png,clip
7961240961204,images/7961240961204.jpg,red,printed,RTW | SHIRT,1791,LAWN,alkaram,images_seg/7961240961204.png,clip
7961240928436,images/7961240928436.jpg,multi,printed,RTW | SHIRT,1791,LAWN,alkaram,images_seg/7961240928436.png,clip
7961205047476,images/7961205047476.jpg,green,printed,RTW | SHIRT & TROUSER,3894,IRISH,alkaram,images_seg/7961205047476.png,clip
7961204981940,images/7961204981940.jpg,green,printed,RTW | SHIRT & CULOTTE,5259,COTTON SILK,alkaram,images_seg/7961204981940.png,clip
7961204949172,images/7961204949172.jpg,white,embroidered,RTW | SHIRT & CULOTTE,4479,CAMBRIC,alkaram,images_seg/7961204949172.png,clip
7960544903348,images/7960544903348.jpg,yellow,printed,RTW | KURTI,2154,IRISH,alkaram,images_seg/7960544903348.png,clip
7960544870580,images/7960544870580.jpg,red,embroidered,RTW | CULOTTES,1619,RAW SILK,alkaram,images_seg/7960544870580.png,clip
7960544805044,images/7960544805044.jpg,green,jacquard,RTW | CULOTTES,1491,CAMBRIC,alkaram,images_seg/7960544805044.png,clip
7960544772276,images/7960544772276.jpg,green,embroidered,RTW | SHIRT,2139,CAMBRIC,alkaram,images_seg/7960544772276.png,clip
7960544739508,images/7960544739508.jpg,black,embroidered,RTW | SHIRT,2269,IRISH,alkaram,images_seg/7960544739508.png,clip
7960544673972,images/7960544673972.jpg,black,printed,RTW | CULOTTES,1424,IRISH,alkaram,images_seg/7960544673972.png,clip
7960544641204,images/7960544641204.jpg,beige,embroidered,"RTW | SHIRT, TROUSER & DUPATTA",5844,CAMBRIC,alkaram,images_seg/7960544641204.png,clip
7960544575668,images/7960544575668.jpg,green,printed,RTW | KURTI,2269,RAW SILK,alkaram,images_seg/7960544575668.png,clip
7960544542900,images/7960544542900.jpg,green,printed,RTW | CULOTTES,1491,RAW SILK,alkaram,images_seg/7960544542900.png,clip
7960544510132,images/7960544510132.jpg,green,printed,RTW | KURTI,3114,RAW SILK,alkaram,images_seg/7960544510132.png,clip
7960544477364,images/7960544477364.jpg,blue,printed,RTW | SHIRT & TROUSER,3699,CAMBRIC,alkaram,images_seg/7960544477364.png,clip
7960544411828,images/7960544411828.jpg,grey,embroidered,RTW | SHIRT & DUPATTA,3244,JACQUARD,alkaram,images_seg/7960544411828.png,clip
7960544346292,images/7960544346292.jpg,yellow,printed,RTW | SHIRT & DUPATTA,4674,COTTON SILK,alkaram,images_seg/7960544346292.png,clip
7960544247988,images/7960544247988.jpg,white,printed,RTW | SHIRT & TROUSER,4024,CAMBRIC,alkaram,images_seg/7960544247988.png,clip
7960544215220,images/7960544215220.jpg,pink,printed,RTW | SHIRT,2464,COTTON SILK,alkaram,images_seg/7960544215220.png,clip
7960544149684,images/7960544149684.jpg,white,embroidered,RTW | SHIRT,2984,JACQUARD,alkaram,images_seg/7960544149684.png,clip
7960544084148,images/7960544084148.jpg,blue,printed,RTW | SHIRT & CULOTTE,3829,CAMBRIC,alkaram,images_seg/7960544084148.png,clip
7960544051380,images/7960544051380.jpg,rust,printed,"RTW | SHIRT, CULOTTE & DUPATTA",4999,CAMBRIC,alkaram,images_seg/7960544051380.png,clip
7960544018612,images/7960544018612.jpg,white,embroidered,RTW | SHIRT & TROUSER,4284,CAMBRIC,alkaram,images_seg/7960544018612.png,clip
7960543953076,images/7960543953076.jpg,pink,embroidered,RTW | SHIRT & CULOTTE,3439,CAMBRIC,alkaram,images_seg/7960543953076.png,clip
7960543920308,images/7960543920308.jpg,black,printed,RTW | SHIRT,2724,IRISH,alkaram,images_seg/7960543920308.png,clip
7960543789236,images/7960543789236.jpg,green,embroidered,RTW | SHIRT,2334,CAMBRIC,alkaram,images_seg/7960543789236.png,clip
7960543756468,images/7960543756468.jpg,green,embroidered,RTW | SHIRT,2919,CAMBRIC,alkaram,images_seg/7960543756468.png,clip
7960543658164,images/7960543658164.jpg,pink,printed,RTW | SHIRT,2724,CAMBRIC,alkaram,images_seg/7960543658164.png,clip
7960543625396,images/7960543625396.jpg,pink,printed,RTW | SHIRT & DUPATTA,4284,CAMBRIC,alkaram,images_seg/7960543625396.png,clip
7960543559860,images/7960543559860.jpg,blue,printed,RTW | SHIRT,2724,CAMBRIC,alkaram,images_seg/7960543559860.png,clip
7960543264948,images/7960543264948.jpg,black,embroidered,RTW | SHIRT,3244,CAMBRIC,alkaram,images_seg/7960543264948.png,clip
7960543166644,images/7960543166644.jpg,beige,embroidered,RTW | SHIRT & TROUSER,4414,CAMBRIC,alkaram,images_seg/7960543166644.png,clip
7960543133876,images/7960543133876.jpg,black,embroidered,RTW | SHIRT & TROUSER,4284,CAMBRIC,alkaram,images_seg/7960543133876.png,clip
7960543068340,images/7960543068340.jpg,pink,embroidered,RTW | SHIRT & CULOTTE,4739,YARN DYED,alkaram,images_seg/7960543068340.png,clip
7960542970036,images/7960542970036.jpg,white,printed,RTW | SHIRT & CULOTTE,3439,LINEN,alkaram,images_seg/7960542970036.png,clip
7960542937268,images/7960542937268.jpg,pink,embroidered,RTW | SHIRT & TROUSER,4219,CAMBRIC,alkaram,images_seg/7960542937268.png,clip
7953716740276,images/7953716740276.jpg,pink,embroidered,RTW | SHIRT & TROUSER,4219,ZARI LAWN,alkaram,images_seg/7953716740276.png,clip
7953716641972,images/7953716641972.jpg,white,embroidered,RTW | SHALWAR,1359,CAMBRIC,alkaram,images_seg/7953716641972.png,clip
7953716609204,images/7953716609204.jpg,white,embroidered,RTW | SHALWAR,1619,CAMBRIC,alkaram,images_seg/7953716609204.png,clip
7953716543668,images/7953716543668.jpg,blue,solid,RTW | SHIRT & TROUSER,3699,IRISH,alkaram,images_seg/7953716543668.png,clip
7953716478132,images/7953716478132.jpg,pink,solid,RTW | SHIRT & TROUSER,3894,SEERSUCKER,alkaram,images_seg/7953716478132.png,clip
7953716347060,images/7953716347060.jpg,pink,printed,RTW | SHIRT,2919,JACQUARD,alkaram,images_seg/7953716347060.png,clip
7953716281524,images/7953716281524.jpg,beige,printed,RTW | KURTI,3244,JACQUARD,alkaram,images_seg/7953716281524.png,clip
7953716215988,images/7953716215988.jpg,purple,embroidered,"RTW | SHIRT, CULOTTE & DUPATTA",5259,IRISH,alkaram,images_seg/7953716215988.png,clip
7949298958516,images/7949298958516.jpg,blue,embroidered,RTW | SHIRT & TROUSER,3569,JACQUARD,alkaram,images_seg/7949298958516.png,clip
7949298892980,images/7949298892980.jpg,beige,printed,RTW | SHIRT & CULOTTE,4414,JACQUARD,alkaram,images_seg/7949298892980.png,clip
7949298860212,images/7949298860212.jpg,white,embroidered,"RTW | SHIRT, TROUSER & DUPATTA",12994,JACQUARD,alkaram,images_seg/7949298860212.png,clip
7949101891764,images/7949101891764.jpg,pink,printed,RTW | KURTI,2399,JACQUARD,alkaram,images_seg/7949101891764.png,clip
7949101760692,images/7949101760692.jpg,black,embroidered,RTW | SHIRT & DUPATTA,5584,DOBBY,alkaram,images_seg/7949101760692.png,clip
7949101662388,images/7949101662388.jpg,red,embroidered,RTW | SHIRT & DUPATTA,4219,JULAHE FABRIC,alkaram,images_seg/7949101662388.png,clip
7949101564084,images/7949101564084.jpg,white,embroidered,"RTW | SHIRT, TROUSER & DUPATTA",9744,LAWN,alkaram,images_seg/7949101564084.png,clip
7948668141748,images/7948668141748.jpg,green,embroidered,"RTW | SHIRT, TROUSER & DUPATTA",9744,LAWN,alkaram,images_seg/7948668141748.png,clip
7948668076212,images/7948668076212.jpg,orange,embroidered,RTW | SHIRT & TROUSER,7144,LAWN,alkaram,images_seg/7948668076212.png,clip
7948668010676,images/7948668010676.jpg,pink,embroidered,RTW | KURTI,3353,IRISH,alkaram,images_seg/7948668010676.png,clip
7948667977908,images/7948667977908.jpg,black,embroidered,"RTW | SHIRT, TROUSER & DUPATTA",8125,LAWN,alkaram,images_seg/7948667977908.png,clip
7948667945140,images/7948667945140.jpg,grey,embroidered,"RTW | SHIRT, TROUSER & DUPATTA",6364,DOBBY,alkaram,images_seg/7948667945140.png,clip
7948667879604,images/7948667879604.jpg,black,embroidered,RTW | CULOTTES,1489,IRISH,alkaram,images_seg/7948667879604.png,clip
7948667846836,images/7948667846836.jpg,black,embroidered,RTW | KURTI,2334,IRISH,alkaram,images_seg/7948667846836.png,clip
7948667814068,images/7948667814068.jpg,black,embroidered,"RTW | SHIRT, TROUSER & DUPATTA",5194,COTTON SILK,alkaram,images_seg/7948667814068.png,clip
7948667748532,images/7948667748532.jpg,red,embroidered,RTW | KURTI,3244,RAW SILK,alkaram,images_seg/7948667748532.png,clip
7948667715764,images/7948667715764.jpg,red,solid,RTW | KURTI,2919,RAW SILK,alkaram,images_seg/7948667715764.png,clip
7948667650228,images/7948667650228.jpg,red,embroidered,RTW | KURTI,2139,RAW SILK,alkaram,images_seg/7948667650228.png,clip
7948667617460,images/7948667617460.jpg,black,embroidered,"RTW | SHIRT, TROUSER & DUPATTA",6104,DOBBY,alkaram,images_seg/7948667617460.png,clip
7948667486388,images/7948667486388.jpg,blue,embroidered,RTW | SHIRT & DUPATTA,3764,COTTON SILK,alkaram,images_seg/7948667486388.png,clip
7948667453620,images/7948667453620.jpg,beige,embroidered,RTW | KURTI,3244,CAMBRIC,alkaram,images_seg/7948667453620.png,clip
7948222431412,images/7948222431412.jpg,yellow,printed,"RTW | SHIRT, CULOTTE & DUPATTA",5844,COTTON SILK,alkaram,images_seg/7948222431412.png,clip
7948222365876,images/7948222365876.jpg,green,embroidered,"RTW | SHIRT, TROUSER & DUPATTA",4999,COTTON SILK,alkaram,images_seg/7948222365876.png,clip
7948222300340,images/7948222300340.jpg,grey,embroidered,"RTW | SHIRT, TROUSER & DUPATTA",4609,COTTON SILK,alkaram,images_seg/7948222300340.png,clip
7948222267572,images/7948222267572.jpg,white,embroidered,RTW | SHIRT & CULOTTE,4869,JACQUARD,alkaram,images_seg/7948222267572.png,clip
7948222202036,images/7948222202036.jpg,black,solid,RTW | SHIRT & SHALWAR,4479,CAMBRIC,alkaram,images_seg/7948222202036.png,clip
7948222169268,images/7948222169268.jpg,yellow,embroidered,"RTW | SHIRT, TROUSER & DUPATTA",10394,ZARRI NET,alkaram,images_seg/7948222169268.png,clip
7948222103732,images/7948222103732.jpg,green,embroidered,RTW | SHIRT & DUPATTA,6494,LAWN,alkaram,images_seg/7948222103732.png,clip
7948222070964,images/7948222070964.jpg,blue,printed,"RTW | SHIRT, TROUSER & DUPATTA",5194,CAMBRIC,alkaram,images_seg/7948222070964.png,clip
7948222005428,images/7948222005428.jpg,peach,embroidered,"RTW | SHIRT, TROUSER & DUPATTA",4544,COTTON SILK,alkaram,images_seg/7948222005428.png,clip
7948041060532,images/7948041060532.jpg,peach,embroidered,"RTW | SHIRT, TROUSER & DUPATTA",9744,LAWN,alkaram,images_seg/7948041060532.png,clip
7948040994996,images/7948040994996.jpg,black,printed,"RTW | SHIRT, TROUSER & DUPATTA",9744,LAWN,alkaram,images_seg/7948040994996.png,clip
7948040962228,images/7948040962228.jpg,blue,embroidered,"RTW | SHIRT, TROUSER & DUPATTA",9094,LAWN,alkaram,images_seg/7948040962228.png,clip
7948040831156,images/7948040831156.jpg,multi,printed,RTW | KURTI,2529,POLYESTER,alkaram,images_seg/7948040831156.png,clip
7948040798388,images/7948040798388.jpg,multi,printed,RTW | KURTI,2594,POLYESTER,alkaram,images_seg/7948040798388.png,clip
7948040765620,images/7948040765620.jpg,multi,printed,RTW | TROUSER,1944,POLYESTER,alkaram,images_seg/7948040765620.png,clip
7948040700084,images/7948040700084.jpg,pink,embroidered,RTW | KURTI,3894,MESURI,alkaram,images_seg/7948040700084.png,clip
7948040667316,images/7948040667316.jpg,grey,embroidered,RTW | KURTI,2789,JACQUARD,alkaram,images_seg/7948040667316.png,clip
7948040634548,images/7948040634548.jpg,pink,embroidered,RTW | SHIRT & DUPATTA,3894,IRISH,alkaram,images_seg/7948040634548.png,clip
7948040569012,images/7948040569012.jpg,white,printed,"RTW | SHIRT, TROUSER & DUPATTA",6494,LUREX,alkaram,images_seg/7948040569012.png,clip
7948040536244,images/7948040536244.jpg,orange,embroidered,RTW | SHIRT & DUPATTA,4219,ZARI LAWN,alkaram,images_seg/7948040536244.png,clip
7948040503476,images/7948040503476.jpg,green,printed,RTW | SHIRT & DUPATTA,3699,YARN DYED,alkaram,images_seg/7948040503476.png,clip
7948040470708,images/7948040470708.jpg,yellow,embroidered,RTW | SHIRT & CULOTTE,3504,YARN DYED,alkaram,images_seg/7948040470708.png,clip
7947575165108,images/7947575165108.jpg,black,embroidered,RTW | SHIRT & CULOTTE,3829,CAMBRIC,alkaram,images_seg/7947575165108.png,clip
7947575066804,images/7947575066804.jpg,purple,embroidered,RTW | KURTI,3049,DOBBY,alkaram,images_seg/7947575066804.png,clip
7947574870196,images/7947574870196.jpg,blue,printed,RTW | SHIRT & CULOTTE,3569,JULAHE FABRIC,alkaram,images_seg/7947574870196.png,clip
7947574673588,images/7947574673588.jpg,blue,embroidered,RTW | SHIRT,2334,YARN DYED,alkaram,images_seg/7947574673588.png,clip
7947032035508,images/7947032035508.jpg,pink,embroidered,"RTW | SHIRT, TROUSER & DUPATTA",8775,DORIYA,alkaram,images_seg/7947032035508.png,clip
7947031969972,images/7947031969972.jpg,white,embroidered,RTW | SHIRT & DUPATTA,5194,JACQUARD,alkaram,images_seg/7947031969972.png,clip
7947031740596,images/7947031740596.jpg,white,embroidered,RTW | SHIRT & CULOTTE,3569,JACQUARD,alkaram,images_seg/7947031740596.png,clip
7947031576756,images/7947031576756.jpg,purple,solid,RTW | KURTI,2919,CRINKLE,alkaram,images_seg/7947031576756.png,clip
7947031543988,images/7947031543988.jpg,peach,embroidered,RTW | SHIRT,3504,JACQUARD,alkaram,images_seg/7947031543988.png,clip
7947031445684,images/7947031445684.jpg,peach,embroidered,RTW | SHIRT & CULOTTE,4544,JACQUARD,alkaram,images_seg/7947031445684.png,clip
7947031347380,images/7947031347380.jpg,white,embroidered,RTW | SHIRT & DUPATTA,4024,JACQUARD,alkaram,images_seg/7947031347380.png,clip
7947031281844,images/7947031281844.jpg,white,embroidered,"RTW | SHIRT, TROUSER & DUPATTA",14944,ORGANZA,alkaram,images_seg/7947031281844.png,clip
7947031216308,images/7947031216308.jpg,yellow,printed,RTW | SHIRT,2464,TWOWAY SLUB,alkaram,images_seg/7947031216308.png,clip
7947031150772,images/7947031150772.jpg,yellow,printed,RTW | SHIRT & TROUSER,3439,TWOWAY SLUB,alkaram,images_seg/7947031150772.png,clip
7945857106100,images/7945857106100.jpg,beige,embroidered,"RTW | SHIRT, TROUSER & DUPATTA",4609,IRISH,alkaram,images_seg/7945857106100.png,clip
7945699492020,images/7945699492020.jpg,yellow,embroidered,RTW | KURTI,3309,IRISH LAWN,alkaram,images_seg/7945699492020.png,clip
7945699459252,images/7945699459252.jpg,lilac,embroidered,"RTW | SHIRT, TROUSER & DUPATTA",9490,LAWN,alkaram,images_seg/7945699459252.png,clip
7945699360948,images/7945699360948.jpg,white,embroidered,RTW | TROUSER,1229,CAMBRIC,alkaram,images_seg/7945699360948.png,clip
7945699328180,images/7945699328180.jpg,blue,embroidered,RTW | SHIRT & CULOTTE,3894,YARN DYED,alkaram,images_seg/7945699328180.png,clip
7945699295412,images/7945699295412.jpg,blue,embroidered,"RTW | SHIRT, TROUSER & DUPATTA",8125,INDIAN SILK,alkaram,images_seg/7945699295412.png,clip
7945699066036,images/7945699066036.jpg,white,embroidered,"RTW | SHIRT, TROUSER & DUPATTA",6494,LUREX JACQUARD,alkaram,images_seg/7945699066036.png,clip
7945698902196,images/7945698902196.jpg,red,embroidered,RTW | SHIRT & DUPATTA,3699,YARN DYED,alkaram,images_seg/7945698902196.png,clip
7945698836660,images/7945698836660.jpg,white,printed,"RTW | SHIRT, TROUSER & DUPATTA",7469,JACQUARD,alkaram,images_seg/7945698836660.png,clip
7945698574516,images/7945698574516.jpg,white,embroidered,RTW | KURTI,2594,YARN DYED,alkaram,images_seg/7945698574516.png,clip
7944999862452,images/7944999862452.jpg,green,embroidered,"RTW | SHIRT, TROUSER & DUPATTA",5519,IRISH,alkaram,images_seg/7944999862452.png,clip
7944999796916,images/7944999796916.jpg,beige,printed,"RTW | SHIRT, TROUSER & DUPATTA",5194,CAMBRIC,alkaram,images_seg/7944999796916.png,clip
7944999764148,images/7944999764148.jpg,white,embroidered,RTW | TROUSER,1491,LYCRA,alkaram,images_seg/7944999764148.png,clip
7944999731380,images/7944999731380.jpg,grey,embroidered,RTW | SHIRT & TROUSER,3439,JACQUARD,alkaram,images_seg/7944999731380.png,clip
7944999665844,images/7944999665844.jpg,brown,embroidered,RTW | KURTI,3894,CAMBRIC,alkaram,images_seg/7944999665844.png,clip
7944999600308,images/7944999600308.jpg,white,embroidered,"RTW | SHIRT, TROUSER & DUPATTA",5844,LUREX JACQUARD,alkaram,images_seg/7944999600308.png,clip
7944756494516,images/7944756494516.jpg,white,embroidered,"RTW | SHIRT, TROUSER & DUPATTA",5100,CAMBRIC,alkaram,images_seg/7944756494516.png,clip
7944756265140,images/7944756265140.jpg,white,embroidered,RTW | KURTI,2919,JACQUARD,alkaram,images_seg/7944756265140.png,clip
7944756232372,images/7944756232372.jpg,pink,embroidered,RTW | SHIRT & TROUSER,3699,IRISH,alkaram,images_seg/7944756232372.png,clip
7944756199604,images/7944756199604.jpg,green,embroidered,RTW | SHIRT & CULOTTE,4284,RAW SILK,alkaram,images_seg/7944756199604.png,clip
7944756166836,images/7944756166836.jpg,purple,embroidered,RTW | SHIRT & DUPATTA,3439,IRISH,alkaram,images_seg/7944756166836.png,clip
7944755970228,images/7944755970228.jpg,white,printed,RTW | SHIRT & DUPATTA,4024,ZARI LAWN,alkaram,images_seg/7944755970228.png,clip
7944755839156,images/7944755839156.jpg,purple,embroidered,RTW | SHIRT & TROUSER,3439,ZARI LAWN,alkaram,images_seg/7944755839156.png,clip
7944755806388,images/7944755806388.jpg,red,embroidered,RTW | SHIRT & TROUSER,3699,JACQUARD,alkaram,images_seg/7944755806388.png,clip
7944755773620,images/7944755773620.jpg,beige,solid,RTW | TROUSER,1359,CAMBRIC,alkaram,images_seg/7944755773620.png,clip
7944755740852,images/7944755740852.jpg,white,embroidered,RTW | KURTI,2789,JACQUARD,alkaram,images_seg/7944755740852.png,clip
7944755675316,images/7944755675316.jpg,yellow,printed,RTW | KURTI,2204,CAMBRIC,alkaram,images_seg/7944755675316.png,clip
7944755511476,images/7944755511476.jpg,beige,printed,RTW | SHIRT & TROUSER,3764,DOBBY,alkaram,images_seg/7944755511476.png,clip
7944755314868,images/7944755314868.jpg,peach,solid,RTW | KURTI,2594,YARN DYED,alkaram,images_seg/7944755314868.png,clip
7944325071028,images/7944325071028.jpg,pink,printed,RTW | SHIRT & CULOTTE,4219,CAMBRIC,alkaram,images_seg/7944325071028.png,clip
7944325005492,images/7944325005492.jpg,yellow,embroidered,RTW | KURTI,2659,YARN DYED,alkaram,images_seg/7944325005492.png,clip
7944324907188,images/7944324907188.jpg,green,embroidered,"RTW | SHIRT, TROUSER & DUPATTA",6494,JACQUARD,alkaram,images_seg/7944324907188.png,clip
7944324874420,images/7944324874420.jpg,white,embroidered,"RTW | SHIRT, TROUSER & DUPATTA",9744,LAWN,alkaram,images_seg/7944324874420.png,clip
7944324841652,images/7944324841652.jpg,green,embroidered,RTW | SHIRT & TROUSER,5844,ZARI LAWN,alkaram,images_seg/7944324841652.png,clip
7944324808884,images/7944324808884.jpg,pink,printed,"RTW | SHIRT, TROUSER & DUPATTA",10985,LAWN,alkaram,images_seg/7944324808884.png,clip
7944324710580,images/7944324710580.jpg,orange,embroidered,RTW | SHIRT & DUPATTA,4609,RAW SILK,alkaram,images_seg/7944324710580.png,clip
7942670909620,images/7942670909620.jpg,white,embroidered,RTW | SHIRT & DUPATTA,4219,DOBBY,alkaram,images_seg/7942670909620.png,clip
7942670811316,images/7942670811316.jpg,blue,embroidered,RTW | KURTI,2919,CAMBRIC,alkaram,images_seg/7942670811316.png,clip
7942670778548,images/7942670778548.jpg,yellow,embroidered,RTW | SHIRT & TROUSER,4544,YARN DYED,alkaram,images_seg/7942670778548.png,clip
7942670680244,images/7942670680244.jpg,white,embroidered,RTW | KURTI,2789,YARN DYED,alkaram,images_seg/7942670680244.png,clip
7942670614708,images/7942670614708.jpg,grey,printed,RTW | KURTI,3049,ZARI LAWN,alkaram,images_seg/7942670614708.png,clip
7942670450868,images/7942670450868.jpg,grey,printed,RTW | SHIRT & DUPATTA,4544,ZARI LAWN,alkaram,images_seg/7942670450868.png,clip
7942670418100,images/7942670418100.jpg,pink,printed,RTW | KURTI,2854,ZARI LAWN,alkaram,images_seg/7942670418100.png,clip
7942670352564,images/7942670352564.jpg,yellow,printed,RTW | KURTI,2594,COTTON SILK,alkaram,images_seg/7942670352564.png,clip
7942670188724,images/7942670188724.jpg,pink,embroidered,"RTW | SHIRT, TROUSER & DUPATTA",4934,CAMBRIC,alkaram,images_seg/7942670188724.png,clip
7942669992116,images/7942669992116.jpg,green,printed,RTW | KURTI,1814,CAMBRIC,alkaram,images_seg/7942669992116.png,clip
7942669926580,images/7942669926580.jpg,beige,embroidered,RTW | KURTI,2399,CAMBRIC,alkaram,images_seg/7942669926580.png,clip
7942669828276,images/7942669828276.jpg,white,embroidered,RTW | SHIRT & DUPATTA,4219,YARN DYED,alkaram,images_seg/7942669828276.png,clip
7939565617332,images/7939565617332.jpg,multi,printed,RTW | KURTI,1814,CAMBRIC,alkaram,images_seg/7939565617332.png,clip
7939565519028,images/7939565519028.jpg,yellow,printed,RTW | KURTI,1814,CAMBRIC,alkaram,images_seg/7939565519028.png,clip
7937313439924,images/7937313439924.jpg,grey,printed,RTW | KURTI,1879,CAMBRIC,alkaram,images_seg/7937313439924.png,clip
7937313374388,images/7937313374388.jpg,orange,embroidered,"RTW | SHIRT, TROUSER & DUPATTA",5649,RAW SILK,alkaram,images_seg/7937313374388.png,clip
7937313341620,images/7937313341620.jpg,purple,embroidered,RTW | KURTI,2009,CAMBRIC,alkaram,images_seg/7937313341620.png,clip
7937313308852,images/7937313308852.jpg,beige,embroidered,RTW | TROUSER,1164,CAMBRIC,alkaram,images_seg/7937313308852.png,clip
7937313243316,images/7937313243316.jpg,black,embroidered,RTW | SHIRT & CULOTTE,4479,YARN DYED,alkaram,images_seg/7937313243316.png,clip
7937313145012,images/7937313145012.jpg,green,embroidered,"RTW | SHIRT, TROUSER & DUPATTA",10394,LAWN,alkaram,images_seg/7937313145012.png,clip
7937312981172,images/7937312981172.jpg,grey,printed,"RTW | SHIRT, SHALWAR & DUPATTA",5779,ZARI LAWN,alkaram,images_seg/7937312981172.png,clip
7937312915636,images/7937312915636.jpg,yellow,printed,RTW | SHIRT & TROUSER,3569,COTTON SILK,alkaram,images_seg/7937312915636.png,clip
7937312817332,images/7937312817332.jpg,green,embroidered,"RTW | SHIRT, TROUSER & DUPATTA",10394,LAWN,alkaram,images_seg/7937312817332.png,clip
7937312719028,images/7937312719028.jpg,black,printed,RTW | SHIRT & SHALWAR,3309,CAMBRIC,alkaram,images_seg/7937312719028.png,clip
7934788862132,images/7934788862132.jpg,green,embroidered,RTW | TROUSER,1164,CAMBRIC,alkaram,images_seg/7934788862132.png,clip
7934788796596,images/7934788796596.jpg,lilac,solid,RTW | SHIRT & TROUSER,2694,IRISH LAWN,alkaram,images_seg/7934788796596.png,clip
7934788731060,images/7934788731060.jpg,multi,embroidered,"RTW | SHIRT, TROUSER & DUPATTA",10394,LAWN,alkaram,images_seg/7934788731060.png,clip
7934788698292,images/7934788698292.jpg,lilac,embroidered,"RTW | SHIRT, TROUSER & DUPATTA",10725,LAWN,alkaram,images_seg/7934788698292.png,clip
7934788665524,images/7934788665524.jpg,pink,embroidered,"RTW | SHIRT, TROUSER & DUPATTA",10394,LAWN,alkaram,images_seg/7934788665524.png,clip
7934788632756,images/7934788632756.jpg,green,embroidered,"RTW | SHIRT, TROUSER & DUPATTA",10394,LAWN,alkaram,images_seg/7934788632756.png,clip
7934788599988,images/7934788599988.jpg,orange,solid,RTW | SHIRT & CULOTTE,4544,VISCOSE,alkaram,images_seg/7934788599988.png,clip
7934788436148,images/7934788436148.jpg,white,embroidered,RTW | SHIRT & TROUSER,5394,DYED,alkaram,images_seg/7934788436148.png,clip
7934788370612,images/7934788370612.jpg,blue,embroidered,RTW | KURTI,3234,DENIM,alkaram,images_seg/7934788370612.png,clip
7934788305076,images/7934788305076.jpg,orange,printed,RTW | KURTI,2994,KHADDAR,alkaram,images_seg/7934788305076.png,clip
7934788272308,images/7934788272308.jpg,orange,printed,RTW | SHIRT & DUPATTA,4374,KHADDAR,alkaram,images_seg/7934788272308.png,clip
7934127800500,images/7934127800500.jpg,yellow,embroidered,RTW | SHIRT & SHALWAR,3894,IRISH LAWN,alkaram,images_seg/7934127800500.png,clip
7934127702196,images/7934127702196.jpg,pink,embroidered,"RTW | SHIRT, TROUSER & DUPATTA",5194,COTTON SILK,alkaram,images_seg/7934127702196.png,clip
7934127636660,images/7934127636660.jpg,blue,embroidered,"RTW | SHIRT, TROUSER & DUPATTA",9035,JACQUARD,alkaram,images_seg/7934127636660.png,clip
7934127472820,images/7934127472820.jpg,blue,embroidered,RTW | KURTI,2399,IRISH,alkaram,images_seg/7934127472820.png,clip
7934127440052,images/7934127440052.jpg,yellow,embroidered,RTW | SHIRT & DUPATTA,3829,CAMBRIC,alkaram,images_seg/7934127440052.png,clip
7934127308980,images/7934127308980.jpg,blue,embroidered,"RTW | SHIRT, TROUSER & DUPATTA",9744,LAWN,alkaram,images_seg/7934127308980.png,clip
7934127243444,images/7934127243444.jpg,green,embroidered,"RTW | SHIRT, TROUSER & DUPATTA",5779,ZARI LAWN,alkaram,images_seg/7934127243444.png,clip
7934127210676,images/7934127210676.jpg,white,embroidered,"RTW | SHIRT, TROUSER & DUPATTA",8704,LAWN,alkaram,images_seg/7934127210676.png,clip
7934127145140,images/7934127145140.jpg,green,printed,RTW | KURTI,1944,CAMBRIC,alkaram,images_seg/7934127145140.png,clip
7934127079604,images/7934127079604.jpg,green,printed,RTW | KURTI,2984,CAMBRIC,alkaram,images_seg/7934127079604.png,clip
7934127046836,images/7934127046836.jpg,green,embroidered,RTW | KURTI,2984,CAMBRIC,alkaram,images_seg/7934127046836.png,clip
7934126948532,images/7934126948532.jpg,white,embroidered,RTW | KURTI,3354,DYED,alkaram,images_seg/7934126948532.png,clip
7934126915764,images/7934126915764.jpg,white,embroidered,RTW | KURTI,2594,YARN DYED,alkaram,images_seg/7934126915764.png,clip
7934126850228,images/7934126850228.jpg,maroon,embroidered,RTW | KURTI,2529,YARN DYED,alkaram,images_seg/7934126850228.png,clip
7934126817460,images/7934126817460.jpg,white,embroidered,RTW | KURTI,2454,DYED,alkaram,images_seg/7934126817460.png,clip
7934126686388,images/7934126686388.jpg,maroon,printed,RTW | KURTI,2204,CAMBRIC,alkaram,images_seg/7934126686388.png,clip
7934126588084,images/7934126588084.jpg,green,printed,RTW | KURTI,2093,CAMBRIC,alkaram,images_seg/7934126588084.png,clip
7934126522548,images/7934126522548.jpg,blue,printed,RTW | KURTI,1944,CAMBRIC,alkaram,images_seg/7934126522548.png,clip
7934126489780,images/7934126489780.jpg,blue,printed,RTW | SHIRT & CULOTTE,2984,YARN DYED,alkaram,images_seg/7934126489780.png,clip
7934126457012,images/7934126457012.jpg,blue,printed,RTW | KURTI,1944,CAMBRIC,alkaram,images_seg/7934126457012.png,clip
7934126424244,images/7934126424244.jpg,pink,solid,RTW | KURTI,2594,HERRINGBONE,alkaram,images_seg/7934126424244.png,clip
7934126391476,images/7934126391476.jpg,peach,solid,RTW | KURTI,2659,YARN DYED,alkaram,images_seg/7934126391476.png,clip
7934126358708,images/7934126358708.jpg,blue,solid,RTW | KURTI,3244,JACQUARD,alkaram,images_seg/7934126358708.png,clip
7934126325940,images/7934126325940.jpg,green,embroidered,RTW | KURTI,3309,JACQUARD,alkaram,images_seg/7934126325940.png,clip
7934126260404,images/7934126260404.jpg,white,embroidered,RTW | KURTI,2594,YARN DYED,alkaram,images_seg/7934126260404.png,clip
7934126162100,images/7934126162100.jpg,red,printed,RTW | KURTI,3244,JACQUARD,alkaram,images_seg/7934126162100.png,clip
7934126096564,images/7934126096564.jpg,red,printed,RTW | CULOTTES,2009,JACQUARD,alkaram,images_seg/7934126096564.png,clip
7934126063796,images/7934126063796.jpg,red,printed,RTW | KURTI,2594,JACQUARD,alkaram,images_seg/7934126063796.png,clip
7934126031028,images/7934126031028.jpg,blue,printed,RTW | KURTI,1944,CAMBRIC,alkaram,images_seg/7934126031028.png,clip
7934125998260,images/7934125998260.jpg,black,embroidered,RTW | SHIRT & TROUSER,4680,RAW SILK,alkaram,images_seg/7934125998260.png,clip
7933729439924,images/7933729439924.jpg,lilac,embroidered,RTW | KURTI,2594,JACQUARD,alkaram,images_seg/7933729439924.png,clip
7933729407156,images/7933729407156.jpg,lilac,embroidered,RTW | SHIRT & SHALWAR,3894,JACQUARD,alkaram,images_seg/7933729407156.png,clip
7933729308852,images/7933729308852.jpg,pink,printed,RTW | KURTI,1684,CAMBRIC,alkaram,images_seg/7933729308852.png,clip
7933729243316,images/7933729243316.jpg,white,embroidered,"RTW | SHIRT, TROUSER & DUPATTA",9744,LAWN,alkaram,images_seg/7933729243316.png,clip
7933729210548,images/7933729210548.jpg,pink,embroidered,"RTW | SHIRT, TROUSER & DUPATTA",9744,LAWN,alkaram,images_seg/7933729210548.png,clip
7933729177780,images/7933729177780.jpg,black,printed,RTW | KURTI,1684,CAMBRIC,alkaram,images_seg/7933729177780.png,clip
7933729145012,images/7933729145012.jpg,peach,embroidered,RTW | SHIRT & TROUSER,3894,ZARI LAWN,alkaram,images_seg/7933729145012.png,clip
7933729112244,images/7933729112244.jpg,white,printed,"RTW | SHIRT, TROUSER & DUPATTA",8704,LAWN,alkaram,images_seg/7933729112244.png,clip
7933729079476,images/7933729079476.jpg,black,printed,RTW | KURTI,1944,CAMBRIC,alkaram,images_seg/7933729079476.png,clip
7933022044340,images/7933022044340.jpg,white,solid,RTW | KURTI,1879,DYED,alkaram,images_seg/7933022044340.png,clip
7933021749428,images/7933021749428.jpg,blue,embroidered,RTW | SHIRT & TROUSER,4194,CAMBRIC,alkaram,images_seg/7933021749428.png,clip
7930568900788,images/7930568900788.jpg,green,embroidered,RTW | SHIRT & TROUSER,3474,CAMBRIC,alkaram,images_seg/7930568900788.png,clip
7930568835252,images/7930568835252.jpg,pink,embroidered,"RTW | SHIRT, TROUSER & DUPATTA",5394,RAW SILK,alkaram,images_seg/7930568835252.png,clip
7930568736948,images/7930568736948.jpg,pink,printed,RTW | KURTI,2139,COTTON SILK,alkaram,images_seg/7930568736948.png,clip
7930568704180,images/7930568704180.jpg,yellow,printed,RTW | KURTI,2303,CAMBRIC,alkaram,images_seg/7930568704180.png,clip
7930568147124,images/7930568147124.jpg,red,embroidered,RTW | KURTI,2984,CAMBRIC,alkaram,images_seg/7930568147124.png,clip
7930568016052,images/7930568016052.jpg,maroon,jacquard,RTW | CULOTTES,1164,IRISH,alkaram,images_seg/7930568016052.png,clip
7930567950516,images/7930567950516.jpg,beige,jacquard,RTW | SHALWAR,1674,CAMBRIC,alkaram,images_seg/7930567950516.png,clip
7930567852212,images/7930567852212.jpg,purple,solid,RTW | KURTI,1944,DYED,alkaram,images_seg/7930567852212.png,clip
7930567819444,images/7930567819444.jpg,green,printed,RTW | KURTI,2594,SEERSUCKER,alkaram,images_seg/7930567819444.png,clip
7930567753908,images/7930567753908.jpg,green,printed,RTW | TROUSER,1814,SEERSUCKER,alkaram,images_seg/7930567753908.png,clip
7930567721140,images/7930567721140.jpg,green,printed,RTW | KURTI,3049,SEERSUCKER,alkaram,images_seg/7930567721140.png,clip
7930567655604,images/7930567655604.jpg,orange,printed,RTW | KURTI,3049,LAWN,alkaram,images_seg/7930567655604.png,clip
7930567557300,images/7930567557300.jpg,blue,embroidered,RTW | KURTI,4219,CAMBRIC,alkaram,images_seg/7930567557300.png,clip
7930567524532,images/7930567524532.jpg,blue,embroidered,RTW | KURTI,2984,CAMBRIC,alkaram,images_seg/7930567524532.png,clip
7930567491764,images/7930567491764.jpg,blue,embroidered,RTW | CULOTTES,2269,CAMBRIC,alkaram,images_seg/7930567491764.png,clip
7930567426228,images/7930567426228.jpg,blue,printed,RTW | KURTI,4089,CAMBRIC,alkaram,images_seg/7930567426228.png,clip
7930567327924,images/7930567327924.jpg,green,embroidered,"RTW | SHIRT, TROUSER & DUPATTA",6435,DOBBY,alkaram,images_seg/7930567327924.png,clip
7928821055668,images/7928821055668.jpg,peach,embroidered,RTW | KURTI,2529,CAMBRIC,alkaram,images_seg/7928821055668.png,clip
7928821022900,images/7928821022900.jpg,beige,embroidered,RTW | KURTI,2334,DYED,alkaram,images_seg/7928821022900.png,clip
7928820924596,images/7928820924596.jpg,purple,printed,RTW | SHIRT & CULOTTE,2919,YARN DYED,alkaram,images_seg/7928820924596.png,clip
7927804035252,images/7927804035252.jpg,lilac,printed,RTW | SHIRT & TROUSER,2919,DOBBY,alkaram,images_seg/7927804035252.png,clip
7927803281588,images/7927803281588.jpg,white,solid,RTW | CULOTTES,1359,LYCRA,alkaram,images_seg/7927803281588.png,clip
7927803216052,images/7927803216052.jpg,pink,printed,RTW | KURTI,1944,CAMBRIC,alkaram,images_seg/7927803216052.png,clip
7927803183284,images/7927803183284.jpg,yellow,printed,RTW | KURTI,1944,CAMBRIC,alkaram,images_seg/7927803183284.png,clip
7927803052212,images/7927803052212.jpg,white,solid,RTW | SHIRT & TROUSER,2919,DYED,alkaram,images_seg/7927803052212.png,clip
7927802888372,images/7927802888372.jpg,blue,printed,RTW | KURTI,1944,CAMBRIC,alkaram,images_seg/7927802888372.png,clip
7927802855604,images/7927802855604.jpg,multi,printed,RTW | KURTI,1944,CAMBRIC,alkaram,images_seg/7927802855604.png,clip
7927802822836,images/7927802822836.jpg,yellow,printed,RTW | SHIRT & SHALWAR,3699,CAMBRIC,alkaram,images_seg/7927802822836.png,clip
7927802790068,images/7927802790068.jpg,pink,printed,RTW | SHIRT & DUPATTA,3699,COTTON SILK,alkaram,images_seg/7927802790068.png,clip
7927802757300,images/7927802757300.jpg,pink,embroidered,RTW | KURTI,1944,CAMBRIC,alkaram,images_seg/7927802757300.png,clip
7923869843636,images/7923869843636.jpg,blue,printed,RTW | SHIRT & TROUSER,3569,CAMBRIC,alkaram,images_seg/7923869843636.png,clip
7923869679796,images/7923869679796.jpg,beige,embroidered,RTW | KURTI,2724,IRISH,alkaram,images_seg/7923869679796.png,clip
7923869647028,images/7923869647028.jpg,blue,embroidered,RTW | SHIRT & DUPATTA,3504,IRISH,alkaram,images_seg/7923869647028.png,clip
7923869483188,images/7923869483188.jpg,grey,solid,RTW | KURTI,1944,DYED,alkaram,images_seg/7923869483188.png,clip
7923869155508,images/7923869155508.jpg,orange,printed,"RTW | SHIRT, TROUSER & DUPATTA",4739,IRISH,alkaram,images_seg/7923869155508.png,clip
7923869122740,images/7923869122740.jpg,blue,embroidered,"RTW | SHIRT, TROUSER & DUPATTA",4739,IRISH,alkaram,images_seg/7923869122740.png,clip
7922637897908,images/7922637897908.jpg,grey,printed,RTW | KURTI,2334,IRISH,alkaram,images_seg/7922637897908.png,clip
7922632917172,images/7922632917172.jpg,green,printed,"RTW | SHIRT, TROUSER & DUPATTA",4794,KHADDAR,alkaram,images_seg/7922632917172.png,clip
7922632786100,images/7922632786100.jpg,green,embroidered,RTW | KURTI,2994,IRISH,alkaram,images_seg/7922632786100.png,clip
7920634364084,images/7920634364084.jpg,white,embroidered,RTW | KURTI,2934,ZARI LAWN,alkaram,images_seg/7920634364084.png,clip
7920634233012,images/7920634233012.jpg,white,printed,RTW | SHIRT & TROUSER,4194,IRISH LAWN,alkaram,images_seg/7920634233012.png,clip
7920634200244,images/7920634200244.jpg,white,embroidered,RTW | SHIRT & DUPATTA,3894,ZARI LAWN,alkaram,images_seg/7920634200244.png,clip
7920634167476,images/7920634167476.jpg,yellow,printed,RTW | KURTI,2394,KHADDAR,alkaram,images_seg/7920634167476.png,clip
7920634101940,images/7920634101940.jpg,yellow,embroidered,RTW | KURTI,2394,KHADDAR,alkaram,images_seg/7920634101940.png,clip
7920634069172,images/7920634069172.jpg,yellow,printed,RTW | KURTI,2204,CAMBRIC,alkaram,images_seg/7920634069172.png,clip
7920633741492,images/7920633741492.jpg,beige,embroidered,RTW | SHIRT & TROUSER,3714,KHADDAR,alkaram,images_seg/7920633741492.png,clip
7916819841204,images/7916819841204.jpg,yellow,printed,RTW | TROUSER,1374,KHADDAR,alkaram,images_seg/7916819841204.png,clip
7916819644596,images/7916819644596.jpg,black,embroidered,RTW | TROUSER,1794,KHADDAR,alkaram,images_seg/7916819644596.png,clip
7916819579060,images/7916819579060.jpg,black,printed,"RTW | SHIRT, TROUSER & DUPATTA",4869,CAMBRIC,alkaram,images_seg/7916819579060.png,clip
7916819513524,images/7916819513524.jpg,green,printed,"RTW | SHIRT, TROUSER & DUPATTA",4739,IRISH,alkaram,images_seg/7916819513524.png,clip
7916819284148,images/7916819284148.jpg,blue,printed,RTW | SHIRT & CULOTTE,3594,KHADDAR,alkaram,images_seg/7916819284148.png,clip
7916819251380,images/7916819251380.jpg,black,embroidered,RTW | SHIRT & DUPATTA,3774,KHADDAR,alkaram,images_seg/7916819251380.png,clip
7916819218612,images/7916819218612.jpg,blue,printed,RTW | KURTI,2754,IRISH,alkaram,images_seg/7916819218612.png,clip
7916819185844,images/7916819185844.jpg,blue,printed,RTW | KURTI,2754,IRISH,alkaram,images_seg/7916819185844.png,clip
7916819120308,images/7916819120308.jpg,maroon,embroidered,RTW | TROUSER,1494,CAMBRIC,alkaram,images_seg/7916819120308.png,clip
7916818989236,images/7916818989236.jpg,black,printed,RTW | KURTI,2994,CAMBRIC,alkaram,images_seg/7916818989236.png,clip
7916818825396,images/7916818825396.jpg,peach,solid,RTW | KURTI,2399,COTTON SLUB,alkaram,images_seg/7916818825396.png,clip
7916818759860,images/7916818759860.jpg,black,printed,RTW | KURTI,2009,CAMBRIC,alkaram,images_seg/7916818759860.png,clip
7916818694324,images/7916818694324.jpg,blue,printed,RTW | CULOTTES,1374,KHADDAR,alkaram,images_seg/7916818694324.png,clip
7916818596020,images/7916818596020.jpg,blue,printed,RTW | KURTI,2394,DENIM,alkaram,images_seg/7916818596020.png,clip
7916818497716,images/7916818497716.jpg,blue,printed,RTW | KURTI,2610,DENIM,alkaram,images_seg/7916818497716.png,clip
7916818464948,images/7916818464948.jpg,blue,printed,RTW | KURTI,2919,SEERSUCKER,alkaram,images_seg/7916818464948.png,clip
7916818432180,images/7916818432180.jpg,blue,printed,RTW | KURTI,2594,SEERSUCKER,alkaram,images_seg/7916818432180.png,clip
7916818399412,images/7916818399412.jpg,blue,printed,RTW | KURTI,2269,SEERSUCKER,alkaram,images_seg/7916818399412.png,clip
7916818301108,images/7916818301108.jpg,blue,embroidered,RTW | KURTI,3474,DENIM,alkaram,images_seg/7916818301108.png,clip
7916818268340,images/7916818268340.jpg,red,printed,RTW | SHIRT & TROUSER,3309,CAMBRIC,alkaram,images_seg/7916818268340.png,clip
7916818137268,images/7916818137268.jpg,blue,embroidered,RTW | KURTI,2394,IRISH,alkaram,images_seg/7916818137268.png,clip
7916818104500,images/7916818104500.jpg,rust,embroidered,RTW | SHIRT & TROUSER,3474,DYED,alkaram,images_seg/7916818104500.png,clip
7915462492340,images/7915462492340.jpg,pink,printed,"RTW | SHIRT, TROUSER & DUPATTA",4869,CAMBRIC,alkaram,images_seg/7915462492340.png,clip
7915462426804,images/7915462426804.jpg,multi,printed,RTW | KURTI,2009,CAMBRIC,alkaram,images_seg/7915462426804.png,clip
7915462394036,images/7915462394036.jpg,yellow,printed,RTW | CULOTTES,1489,CAMBRIC,alkaram,images_seg/7915462394036.png,clip
7915462361268,images/7915462361268.jpg,yellow,printed,RTW | KURTI,2204,CAMBRIC,alkaram,images_seg/7915462361268.png,clip
7915462295732,images/7915462295732.jpg,white,printed,"RTW | SHIRT, TROUSER & DUPATTA",5334,RAW SILK,alkaram,images_seg/7915462295732.png,clip
7915462230196,images/7915462230196.jpg,blue,printed,RTW | KURTI,2009,CAMBRIC,alkaram,images_seg/7915462230196.png,clip
7912739406004,images/7912739406004.jpg,maroon,embroidered,RTW | SHIRT & TROUSER,4194,ZARI LAWN,alkaram,images_seg/7912739406004.png,clip
7912739012788,images/7912739012788.jpg,white,printed,RTW | SHIRT & TROUSER,3654,IRISH,alkaram,images_seg/7912739012788.png,clip
7912738947252,images/7912738947252.jpg,blue,printed,"RTW | SHIRT, TROUSER & DUPATTA",4794,KHADDAR,alkaram,images_seg/7912738947252.png,clip
7912738881716,images/7912738881716.jpg,pink,printed,RTW | KURTI,2009,CAMBRIC,alkaram,images_seg/7912738881716.png,clip
7912738619572,images/7912738619572.jpg,orange,printed,RTW | KURTI,2009,CAMBRIC,alkaram,images_seg/7912738619572.png,clip
7912738554036,images/7912738554036.jpg,orange,printed,RTW | KURTI,2009,CAMBRIC,alkaram,images_seg/7912738554036.png,clip
7912738455732,images/7912738455732.jpg,multi,printed,RTW | KURTI,2009,CAMBRIC,alkaram,images_seg/7912738455732.png,clip
7912738324660,images/7912738324660.jpg,lilac,embroidered,RTW | KURTI,2454,JACQUARD,alkaram,images_seg/7912738324660.png,clip
7912738128052,images/7912738128052.jpg,black,embroidered,RTW | KURTI,3174,KHADDAR,alkaram,images_seg/7912738128052.png,clip
7912737931444,images/7912737931444.jpg,blue,printed,RTW | SHIRT & TROUSER,3354,ZARI LAWN,alkaram,images_seg/7912737931444.png,clip
7911333363892,images/7911333363892.jpg,green,embroidered,RTW | SHIRT & DUPATTA,3660,DOBBY,alkaram,images_seg/7911333363892.png,clip
7911333298356,images/7911333298356.jpg,purple,embroidered,RTW | KURTI,2874,DOBBY,alkaram,images_seg/7911333298356.png,clip
7911333265588,images/7911333265588.jpg,purple,embroidered,RTW | KURTI,2574,DYED,alkaram,images_seg/7911333265588.png,clip
7911333232820,images/7911333232820.jpg,purple,solid,RTW | TROUSER,954,CAMBRIC,alkaram,images_seg/7911333232820.png,clip
7911333200052,images/7911333200052.jpg,black,printed,RTW | SHIRT & TROUSER,3294,RAW SILK,alkaram,images_seg/7911333200052.png,clip
7911333167284,images/7911333167284.jpg,blue,embroidered,RTW | SHIRT & TROUSER,3594,CAMBRIC,alkaram,images_seg/7911333167284.png,clip
7911333134516,images/7911333134516.jpg,white,embroidered,RTW | SHIRT & TROUSER,4194,KHADDAR,alkaram,images_seg/7911333134516.png,clip
7911294402740,images/7911294402740.jpg,beige,printed,RTW | SHIRT & TROUSER,3354,JACQUARD,alkaram,images_seg/7911294402740.png,clip
7911294369972,images/7911294369972.jpg,beige,printed,RTW | KURTI,2214,JACQUARD,alkaram,images_seg/7911294369972.png,clip
7911294337204,images/7911294337204.jpg,green,printed,RTW | KURTI,2274,SLUB,alkaram,images_seg/7911294337204.png,clip
7911294271668,images/7911294271668.jpg,green,printed,RTW | SHIRT & TROUSER,3054,KHADDAR,alkaram,images_seg/7911294271668.png,clip
7911294238900,images/7911294238900.jpg,beige,embroidered,RTW | KURTI,2874,IRISH,alkaram,images_seg/7911294238900.png,clip
7911294206132,images/7911294206132.jpg,grey,solid,RTW | KURTI,1974,DYED,alkaram,images_seg/7911294206132.png,clip
7911294075060,images/7911294075060.jpg,yellow,printed,"RTW | SHIRT, TROUSER & DUPATTA",4794,RAW SILK,alkaram,images_seg/7911294075060.png,clip
7911294042292,images/7911294042292.jpg,green,printed,"RTW | SHIRT, TROUSER & DUPATTA",4314,KHADDAR,alkaram,images_seg/7911294042292.png,clip
7911293976756,images/7911293976756.jpg,yellow,embroidered,"RTW | SHIRT, TROUSER & DUPATTA",5034,JACQUARD,alkaram,images_seg/7911293976756.png,clip
7911293911220,images/7911293911220.jpg,orange,printed,"RTW | SHIRT, TROUSER & DUPATTA",4794,IRISH,alkaram,images_seg/7911293911220.png,clip
7911293812916,images/7911293812916.jpg,grey,printed,RTW | KURTI,1974,KHADDAR,alkaram,images_seg/7911293812916.png,clip
7909219303604,images/7909219303604.jpg,pink,printed,RTW | KURTI,2334,JACQUARD,alkaram,images_seg/7909219303604.png,clip
7909218779316,images/7909218779316.jpg,white,printed,"RTW | SHIRT, TROUSER & DUPATTA",5275,RAW SILK,alkaram,images_seg/7909218779316.png,clip
7909218746548,images/7909218746548.jpg,white,printed,"RTW | SHIRT, TROUSER & DUPATTA",4314,SLUB,alkaram,images_seg/7909218746548.png,clip
7909218713780,images/7909218713780.jpg,black,printed,RTW | SHIRT & TROUSER,3414,IRISH LAWN,alkaram,images_seg/7909218713780.png,clip
7909218681012,images/7909218681012.jpg,blue,printed,RTW | SHIRT & TROUSER,4014,CAMBRIC,alkaram,images_seg/7909218681012.png,clip
7909218549940,images/7909218549940.jpg,purple,printed,RTW | SHIRT & TROUSER,7326,JACQUARD,alkaram,images_seg/7909218549940.png,clip
7909218418868,images/7909218418868.jpg,beige,printed,"RTW | SHIRT, TROUSER & DUPATTA",7386,RAW SILK,alkaram,images_seg/7909218418868.png,clip
7908364419252,images/7908364419252.jpg,pink,printed,"RTW | SHIRT, TROUSER & DUPATTA",4254,DYED,alkaram,images_seg/7908364419252.png,clip
7908364353716,images/7908364353716.jpg,green,solid,RTW | SHIRT & TROUSER,3294,DOBBY,alkaram,images_seg/7908364353716.png,clip
7908364320948,images/7908364320948.jpg,orange,printed,"RTW | SHIRT, TROUSER & DUPATTA",4314,KHADDAR,alkaram,images_seg/7908364320948.png,clip
7906696233140,images/7906696233140.jpg,blue,printed,RTW | KURTI,2820,DENIM,alkaram,images_seg/7906696233140.png,clip
7906696200372,images/7906696200372.jpg,blue,printed,RTW | TROUSER,1854,DENIM,alkaram,images_seg/7906696200372.png,clip
7906695938228,images/7906695938228.jpg,peach,printed,RTW | SHIRT & DUPATTA,3774,JACQUARD,alkaram,images_seg/7906695938228.png,clip
7906695807156,images/7906695807156.jpg,red,printed,RTW | KURTI,2154,IRISH,alkaram,images_seg/7906695807156.png,clip
7906695741620,images/7906695741620.jpg,orange,embroidered,RTW | KURTI,2454,KHADDAR,alkaram,images_seg/7906695741620.png,clip
7906695676084,images/7906695676084.jpg,orange,embroidered,RTW | TROUSER,1674,KHADDAR,alkaram,images_seg/7906695676084.png,clip
7906695643316,images/7906695643316.jpg,orange,embroidered,RTW | KURTI,2394,KHADDAR,alkaram,images_seg/7906695643316.png,clip
7906695610548,images/7906695610548.jpg,rust,printed,RTW | KURTI,1974,KHADDAR,alkaram,images_seg/7906695610548.png,clip
7906695512244,images/7906695512244.jpg,blue,solid,RTW | KURTI,1794,DYED,alkaram,images_seg/7906695512244.png,clip
7906695479476,images/7906695479476.jpg,multi,printed,RTW | KURTI,1974,KHADDAR,alkaram,images_seg/7906695479476.png,clip
7905375912116,images/7905375912116.jpg,pink,printed,RTW | SHIRT & TROUSER,3594,CAMBRIC,alkaram,images_seg/7905375912116.png,clip
7905375879348,images/7905375879348.jpg,grey,printed,RTW | SHIRT & TROUSER,3894,KHADDAR,alkaram,images_seg/7905375879348.png,clip
7905375813812,images/7905375813812.jpg,pink,printed,RTW | SHIRT & TROUSER,3594,KHADDAR,alkaram,images_seg/7905375813812.png,clip
7905375748276,images/7905375748276.jpg,grey,embroidered,RTW | KURTI,2394,YARN DYED,alkaram,images_seg/7905375748276.png,clip
7905375682740,images/7905375682740.jpg,blue,embroidered,RTW | TROUSER,1314,IRISH,alkaram,images_seg/7905375682740.png,clip
7905375617204,images/7905375617204.jpg,beige,printed,RTW | KURTI,2394,DOBBY,alkaram,images_seg/7905375617204.png,clip
7905375584436,images/7905375584436.jpg,green,embroidered,"RTW | SHIRT, TROUSER & DUPATTA",22194,ORGANZA,alkaram,images_seg/7905375584436.png,clip
7905375387828,images/7905375387828.jpg,pink,printed,"RTW | SHIRT, TROUSER & DUPATTA",4794,KHADDAR,alkaram,images_seg/7905375387828.png,clip
7905375158452,images/7905375158452.jpg,grey,embroidered,"RTW | SHIRT, TROUSER & DUPATTA",11994,CHIFFON,alkaram,images_seg/7905375158452.png,clip
7905375060148,images/7905375060148.jpg,brown,embroidered,"RTW | SHIRT, TROUSER & DUPATTA",20994,ORGANZA,alkaram,images_seg/7905375060148.png,clip
7905374994612,images/7905374994612.jpg,red,embroidered,"RTW | SHIRT, TROUSER & DUPATTA",22194,ORGANZA,alkaram,images_seg/7905374994612.png,clip
7905374929076,images/7905374929076.jpg,yellow,printed,RTW | TROUSER,1254,IRISH,alkaram,images_seg/7905374929076.png,clip
7905374896308,images/7905374896308.jpg,yellow,printed,RTW | KURTI,2154,IRISH,alkaram,images_seg/7905374896308.png,clip
7903211815092,images/7903211815092.jpg,yellow,jacquard,RTW | KURTI,2574,JACQUARD,alkaram,images_seg/7903211815092.png,clip
7903211421876,images/7903211421876.jpg,pink,printed,RTW | SHIRT & TROUSER,3594,RAW SILK,alkaram,images_seg/7903211421876.png,clip
7903211159732,images/7903211159732.jpg,blue,embroidered,RTW | KURTI,2514,RAW SILK,alkaram,images_seg/7903211159732.png,clip
7903210864820,images/7903210864820.jpg,black,printed,RTW | TROUSER,1506,CAMBRIC,alkaram,images_seg/7903210864820.png,clip
7901874716852,images/7901874716852.jpg,pink,printed,RTW | KURTI,1854,CAMBRIC,alkaram,images_seg/7901874716852.png,clip
7901874618548,images/7901874618548.jpg,white,embroidered,"RTW | SHIRT, TROUSER & DUPATTA",11994,CHIFFON,alkaram,images_seg/7901874618548.png,clip
7901874520244,images/7901874520244.jpg,peach,embroidered,"RTW | SHIRT, TROUSER & DUPATTA",11994,CHIFFON,alkaram,images_seg/7901874520244.png,clip
7901874454708,images/7901874454708.jpg,black,embroidered,"RTW | SHIRT, TROUSER & DUPATTA",11994,CHIFFON,alkaram,images_seg/7901874454708.png,clip
7901874290868,images/7901874290868.jpg,pink,embroidered,"RTW | SHIRT, TROUSER & DUPATTA",11994,CHIFFON,alkaram,images_seg/7901874290868.png,clip
7901874192564,images/7901874192564.jpg,green,embroidered,"RTW | SHIRT, TROUSER & DUPATTA",11994,CHIFFON,alkaram,images_seg/7901874192564.png,clip
7901874159796,images/7901874159796.jpg,pink,printed,RTW | KURTI,2214,KHADDAR,alkaram,images_seg/7901874159796.png,clip
7901874127028,images/7901874127028.jpg,yellow,embroidered,RTW | KURTI,2394,JACQUARD,alkaram,images_seg/7901874127028.png,clip
7900978380980,images/7900978380980.jpg,yellow,printed,RTW | KURTI,2334,CAMBRIC,alkaram,images_seg/7900978380980.png,clip
7900978348212,images/7900978348212.jpg,yellow,printed,RTW | KURTI,2574,CAMBRIC,alkaram,images_seg/7900978348212.png,clip
7900236873908,images/7900236873908.jpg,blue,embroidered,RTW | KURTI,2934,KHADDAR,alkaram,images_seg/7900236873908.png,clip
7900236677300,images/7900236677300.jpg,purple,solid,RTW | SHIRT & TROUSER,3414,DOBBY,alkaram,images_seg/7900236677300.png,clip
7900236611764,images/7900236611764.jpg,grey,solid,RTW | SHIRT & TROUSER,3474,DYED,alkaram,images_seg/7900236611764.png,clip
7900236578996,images/7900236578996.jpg,pink,printed,RTW | KURTI,2394,KHADDAR,alkaram,images_seg/7900236578996.png,clip
7900236480692,images/7900236480692.jpg,pink,printed,RTW | KURTI,2214,KHADDAR,alkaram,images_seg/7900236480692.png,clip
7900236415156,images/7900236415156.jpg,pink,printed,RTW | TROUSER,1494,KHADDAR,alkaram,images_seg/7900236415156.png,clip
7900236284084,images/7900236284084.jpg,pink,embroidered,RTW | KURTI,2814,COTTON SILK,alkaram,images_seg/7900236284084.png,clip
7900236120244,images/7900236120244.jpg,pink,embroidered,RTW | KURTI,2694,YARN DYED,alkaram,images_seg/7900236120244.png,clip
7900236021940,images/7900236021940.jpg,white,embroidered,RTW | KURTI,2514,KHADDAR,alkaram,images_seg/7900236021940.png,clip
7900235923636,images/7900235923636.jpg,yellow,embroidered,RTW | KURTI,3954,JACQUARD,alkaram,images_seg/7900235923636.png,clip
7900235530420,images/7900235530420.jpg,black,printed,RTW | KURTI,4194,CAMBRIC,alkaram,images_seg/7900235530420.png,clip
7899683946676,images/7899683946676.jpg,beige,embroidered,RTW | SHIRT & TROUSER,4374,COTTON SILK,alkaram,images_seg/7899683946676.png,clip
7899683913908,images/7899683913908.jpg,blue,printed,RTW | SHIRT & TROUSER,3294,RAW SILK,alkaram,images_seg/7899683913908.png,clip
7897771638964,images/7897771638964.jpg,yellow,printed,RTW | KURTI,1974,KHADDAR,alkaram,images_seg/7897771638964.png,clip
7897771606196,images/7897771606196.jpg,white,printed,RTW | KURTI,2514,KHADDAR,alkaram,images_seg/7897771606196.png,clip
7897771376820,images/7897771376820.jpg,blue,printed,RTW | KURTI,1974,KHADDAR,alkaram,images_seg/7897771376820.png,clip
7897771344052,images/7897771344052.jpg,orange,printed,RTW | SHIRT & TROUSER,3294,IRISH LAWN,alkaram,images_seg/7897771344052.png,clip
7897771311284,images/7897771311284.jpg,blue,printed,RTW | KURTI,1794,CAMBRIC,alkaram,images_seg/7897771311284.png,clip
7897771081908,images/7897771081908.jpg,blue,printed,RTW | KURTI,2034,RAW SILK,alkaram,images_seg/7897771081908.png,clip
7897771049140,images/7897771049140.jpg,blue,printed,RTW | KURTI,1674,CAMBRIC,alkaram,images_seg/7897771049140.png,clip
7897770983604,images/7897770983604.jpg,yellow,printed,RTW | SHIRT & TROUSER,3294,RAW SILK,alkaram,images_seg/7897770983604.png,clip
7893367554228,images/7893367554228.jpg,white,embroidered,RTW | TROUSER,1314,KHADDAR,alkaram,images_seg/7893367554228.png,clip
7893367455924,images/7893367455924.jpg,red,embroidered,RTW | KURTI,2394,JACQUARD,alkaram,images_seg/7893367455924.png,clip
7893367423156,images/7893367423156.jpg,red,embroidered,RTW | KURTI,1794,JACQUARD,alkaram,images_seg/7893367423156.png,clip
7890717147316,images/7890717147316.jpg,orange,printed,RTW | TROUSER,1974,JACQUARD,alkaram,images_seg/7890717147316.png,clip
7890716917940,images/7890716917940.jpg,orange,printed,RTW | KURTI,1794,JACQUARD,alkaram,images_seg/7890716917940.png,clip
7890716623028,images/7890716623028.jpg,yellow,printed,RTW | TROUSER,1014,CAMBRIC,alkaram,images_seg/7890716623028.png,clip
7887845064884,images/7887845064884.jpg,peach,solid,RTW | SHIRT & TROUSER,4194,RAW SILK,alkaram,images_seg/7887845064884.png,clip
7886646706356,images/7886646706356.jpg,blue,printed,RTW | KURTI,1794,KHADDAR,alkaram,images_seg/7886646706356.png,clip
7886646444212,images/7886646444212.jpg,beige,embroidered,"RTW | SHIRT, TROUSER & DUPATTA",5394,COTTON SILK,alkaram,images_seg/7886646444212.png,clip
7885538001076,images/7885538001076.jpg,grey,printed,"RTS | SHIRT, TROUSER & DUPATTA",3894,VISCOSE,alkaram,images_seg/7885538001076.png,clip
7883841077428,images/7883841077428.jpg,green,embroidered,"RTW | SHIRT, TROUSER & DUPATTA",22194,ORGANZA,alkaram,images_seg/7883841077428.png,clip
7883841044660,images/7883841044660.jpg,rust,embroidered,"RTW | SHIRT, TROUSER & DUPATTA",20994,ORGANZA,alkaram,images_seg/7883841044660.png,clip
7883840979124,images/7883840979124.jpg,white,embroidered,"RTW | SHIRT, TROUSER & DUPATTA",20994,ORGANZA,alkaram,images_seg/7883840979124.png,clip
7883840946356,images/7883840946356.jpg,maroon,embroidered,"RTW | SHIRT, TROUSER & DUPATTA",19794,ORGANZA,alkaram,images_seg/7883840946356.png,clip
7883840913588,images/7883840913588.jpg,grey,embroidered,"RTW | SHIRT, TROUSER & DUPATTA",11394,CHIFFON,alkaram,images_seg/7883840913588.png,clip
7883840880820,images/7883840880820.jpg,pink,embroidered,"RTW | SHIRT, TROUSER & DUPATTA",19794,ORGANZA,alkaram,images_seg/7883840880820.png,clip
7880183152820,images/7880183152820.jpg,orange,printed,RTW | SHIRT & TROUSER,3894,RAW SILK,alkaram,images_seg/7880183152820.png,clip
7880183054516,images/7880183054516.jpg,orange,printed,RTW | KURTI,2214,JACQUARD,alkaram,images_seg/7880183054516.png,clip
7871109660852,images/7871109660852.jpg,yellow,printed,RTW | SHIRT & DUPATTA,3594,CAMBRIC,alkaram,images_seg/7871109660852.png,clip
7871109497012,images/7871109497012.jpg,purple,embroidered,RTW | CULOTTES,1974,CAMBRIC,alkaram,images_seg/7871109497012.png,clip
7871109464244,images/7871109464244.jpg,purple,printed,RTW | KURTI,2034,CAMBRIC,alkaram,images_seg/7871109464244.png,clip
7861855453364,images/7861855453364.jpg,white,embroidered,RTW | SHIRT & TROUSER,4194,SLUB,alkaram,images_seg/7861855453364.png,clip
7861855289524,images/7861855289524.jpg,blue,printed,RTW | KURTI,1494,CAMBRIC,alkaram,images_seg/7861855289524.png,clip
7859459096756,images/7859459096756.jpg,green,printed,RTW | SHIRT & TROUSER,3210,CAMBRIC,alkaram,images_seg/7859459096756.png,clip
7859458867380,images/7859458867380.jpg,green,printed,RTW | SHIRT & TROUSER,3354,IRISH,alkaram,images_seg/7859458867380.png,clip
7853758251188,images/7853758251188.jpg,peach,printed,RTW | SHIRT & TROUSER,3774,ETHNIC,alkaram,images_seg/7853758251188.png,clip
7850667376820,images/7850667376820.jpg,blue,printed,RTW | KURTI,2034,DOBBY,alkaram,images_seg/7850667376820.png,clip
7850667147444,images/7850667147444.jpg,blue,printed,RTW | TROUSER,1734,CAMBRIC,alkaram,images_seg/7850667147444.png,clip
7839359107252,images/7839359107252.jpg,blue,printed,RTW | TROUSER,1374,JACQUARD,alkaram,images_seg/7839359107252.png,clip
7829707325620,images/7829707325620.jpg,beige,printed,RTW | KURTI,1794,JACQUARD,alkaram,images_seg/7829707325620.png,clip
7829707194548,images/7829707194548.jpg,blue,printed,RTW | KURTI,2394,JACQUARD,alkaram,images_seg/7829707194548.png,clip
7829706899636,images/7829706899636.jpg,red,embroidered,RTW | KURTI,3174,CAMBRIC,alkaram,images_seg/7829706899636.png,clip
7822967734452,images/7822967734452.jpg,grey,printed,RTW | KURTI,2394,DYED,alkaram,images_seg/7822967734452.png,clip
7814871449780,images/7814871449780.jpg,pink,embroidered,RTW | SHIRT & TROUSER,3150,DOBBY,alkaram,images_seg/7814871449780.png,clip
7806736105652,images/7806736105652.jpg,yellow,embroidered,RTW | SHIRT & TROUSER,3252,CAMBRIC,alkaram,images_seg/7806736105652.png,clip
7806735974580,images/7806735974580.jpg,black,printed,RTW | SHIRT & TROUSER,4182,CAMBRIC,alkaram,images_seg/7806735974580.png,clip
7806735810740,images/7806735810740.jpg,purple,printed,RTW | KURTI,2694,RAW SILK,alkaram,images_seg/7806735810740.png,clip
7806735777972,images/7806735777972.jpg,purple,printed,RTW | KURTI,2994,RAW SILK,alkaram,images_seg/7806735777972.png,clip
7806735712436,images/7806735712436.jpg,grey,printed,RTW | KURTI,2094,YARN DYED,alkaram,images_seg/7806735712436.png,clip
7806735548596,images/7806735548596.jpg,green,printed,RTW | KURTI,2094,CAMBRIC,alkaram,images_seg/7806735548596.png,clip
7797977710772,images/7797977710772.jpg,blue,printed,RTW | SHIRT & TROUSER,3894,JACQUARD,alkaram,images_seg/7797977710772.png,clip
7797977153716,images/7797977153716.jpg,black,printed,RTW | JACKET,2094,DOBBY,alkaram,images_seg/7797977153716.png,clip
7797975285940,images/7797975285940.jpg,white,embroidered,RTW | SHIRT & TROUSER,3774,IRISH LAWN,alkaram,images_seg/7797975285940.png,clip
7797974794420,images/7797974794420.jpg,yellow,embroidered,"RTW | SHIRT, TROUSER & DUPATTA",4350,DYED,alkaram,images_seg/7797974794420.png,clip
7776986857652,images/7776986857652.jpg,green,embroidered,RTW | KURTI,2820,DYED,alkaram,images_seg/7776986857652.png,clip
7763938148532,images/7763938148532.jpg,yellow,embroidered,RTW | SHIRT & TROUSER,3474,JACQUARD,alkaram,images_seg/7763938148532.png,clip
7763937886388,images/7763937886388.jpg,blue,printed,RTW | SHIRT & TROUSER,2946,CAMBRIC,alkaram,images_seg/7763937886388.png,clip
7763937296564,images/7763937296564.jpg,white,embroidered,RTW | TROUSER,2142,DOBBY,alkaram,images_seg/7763937296564.png,clip
7744745308340,images/7744745308340.jpg,peach,printed,RTW | SHIRT,2148,JACQUARD,alkaram,images_seg/7744745308340.png,clip
7744744980660,images/7744744980660.jpg,peach,printed,RTW | KURTI,1656,JACQUARD,alkaram,images_seg/7744744980660.png,clip
7744744489140,images/7744744489140.jpg,peach,printed,RTW | KURTI,1284,JACQUARD,alkaram,images_seg/7744744489140.png,clip
7719848378548,images/7719848378548.jpg,black,jacquard,RTW | SHIRT & TROUSER,3504,JACQUARD,alkaram,images_seg/7719848378548.png,clip
7719847821492,images/7719847821492.jpg,pink,embroidered,RTW | KURTI,2982,JACQUARD,alkaram,images_seg/7719847821492.png,clip
7685683806388,images/7685683806388.jpg,black,printed,RTW | KURTI,2975,DOBBY,alkaram,images_seg/7685683806388.png,clip
7685683642548,images/7685683642548.jpg,white,printed,RTW | KURTI,3288,RAW SILK,alkaram,images_seg/7685683642548.png,clip
7685683609780,images/7685683609780.jpg,white,embroidered,RTW | KURTI,5844,RAW SILK,alkaram,images_seg/7685683609780.png,clip
7628037357748,images/7628037357748.jpg,green,printed,RTW | KURTI,2028,SLUB,alkaram,images_seg/7628037357748.png,clip
7573845803188,images/7573845803188.jpg,blue,embroidered,RTW | KURTI,2646,JACQUARD,alkaram,images_seg/7573845803188.png,clip
7573845770420,images/7573845770420.jpg,pink,embroidered,RTW | KURTI,2124,JACQUARD,alkaram,images_seg/7573845770420.png,clip
7573845639348,images/7573845639348.jpg,orange,printed,RTW | KURTI,2490,CAMBRIC,alkaram,images_seg/7573845639348.png,clip
7573845606580,images/7573845606580.jpg,green,embroidered,RTW | SHIRT & TROUSER,2676,DYED,alkaram,images_seg/7573845606580.png,clip
7565704790196,images/7565704790196.jpg,pink,printed,RTW | KURTI,2676,DOBBY,alkaram,images_seg/7565704790196.png,clip
7565704724660,images/7565704724660.jpg,blue,embroidered,RTW | KURTI,2616,DOBBY,alkaram,images_seg/7565704724660.png,clip
7565704691892,images/7565704691892.jpg,black,printed,RTW | KURTI,2820,DOBBY,alkaram,images_seg/7565704691892.png,clip
7541876818100,images/7541876818100.jpg,blue,printed,RTW | SHIRT,2766,DOBBY,alkaram,images_seg/7541876818100.png,clip
7541061386420,images/7541061386420.jpg,beige,embroidered,RTW | SHIRT & TROUSER,5782,LUREX ZARI,alkaram,images_seg/7541061386420.png,clip
7540917371060,images/7540917371060.jpg,green,printed,RTW | SHIRT & TROUSER,3474,RAW SILK,alkaram,images_seg/7540917371060.png,clip
7532499009716,images/7532499009716.jpg,black,printed,RTW | KURTI,2184,RAW SILK,alkaram,images_seg/7532499009716.png,clip
7514469728436,images/7514469728436.jpg,orange,printed,RTW | SHIRT & TROUSER,2550,CAMBRIC,alkaram,images_seg/7514469728436.png,clip
7514466943156,images/7514466943156.jpg,blue,embroidered,RTW | SHIRT & TROUSER,4644,DYED,alkaram,images_seg/7514466943156.png,clip
7514466582708,images/7514466582708.jpg,green,embroidered,RTW | SHIRT & TROUSER,4278,DYED,alkaram,images_seg/7514466582708.png,clip
7514466451636,images/7514466451636.jpg,beige,embroidered,RTW | SHIRT & TROUSER,4458,YARN DYED,alkaram,images_seg/7514466451636.png,clip
7513488261300,images/7513488261300.jpg,beige,embroidered,RTW | SHIRT & TROUSER,2982,YARN DYED,alkaram,images_seg/7513488261300.png,clip
7510490087604,images/7510490087604.jpg,pink,printed,RTW | KURTI,1902,CAMBRIC,alkaram,images_seg/7510490087604.png,clip
7510489497780,images/7510489497780.jpg,yellow,printed,RTW | SHIRT & TROUSER,2208,JACQUARD,alkaram,images_seg/7510489497780.png,clip
7495662108852,images/7495662108852.jpg,white,embroidered,RTW | SHIRT & DUPATTA,4962,DYED,alkaram,images_seg/7495662108852.png,clip
7495661912244,images/7495661912244.jpg,blue,solid,RTW | KURTI,1926,DYED,alkaram,images_seg/7495661912244.png,clip
7495661125812,images/7495661125812.jpg,green,embroidered,RTW | KURTI,2184,JACQUARD,alkaram,images_seg/7495661125812.png,clip
7495660601524,images/7495660601524.jpg,blue,embroidered,RTW | KURTI,2550,LAWN,alkaram,images_seg/7495660601524.png,clip
42503503,images/42503503.jpg,black,embroidered,3 Piece - Embroidered Suit - 42503503,8490,Khaddar,Nishat,images_seg/42503503.png,title
42502954,images/42502954.jpg,green,embroidered,3 Piece - Printed Embroidered Suit - 42502954,7490,Karandi,Nishat,images_seg/42502954.png,title
42503548,images/42503548.jpg,green,printed,3 Piece - Printed Suit - 42503548,5690,Khaddar,Nishat,images_seg/42503548.png,title
42503501,images/42503501.jpg,white,embroidered,3 Piece - Embroidered Suit - 42503501,8490,Khaddar,Nishat,images_seg/42503501.png,title
42502888,images/42502888.jpg,multi,printed,3 Piece - Printed Suit - 42502888,5690,Khaddar,Nishat,images_seg/42502888.png,title
42502802,images/42502802.jpg,black,embroidered,2 Piece - Embroidered Suit - 42502802,5490,Karandi,Nishat,images_seg/42502802.png,title
42502896,images/42502896.jpg,black,embroidered,3 Piece - Digital Printed Embroidered Suit - 42502896,7490,Cotton,Nishat,images_seg/42502896.png,title
42502891,images/42502891.jpg,black,embroidered,3 Piece - Digital Printed Embroidered Suit - 42502891,7490,Cotton,Nishat,images_seg/42502891.png,title
42502781,images/42502781.jpg,beige,printed,2 Piece - Printed Suit - 42502781,3790,Linen,Nishat,images_seg/42502781.png,title
42502879,images/42502879.jpg,pink,printed,3 Piece - Printed Suit - 42502879,5690,Khaddar,Nishat,images_seg/42502879.png,title
42502875,images/42502875.jpg,beige,embroidered,3 Piece - Printed Embroidered Suit - 42502875,6990,Khaddar,Nishat,images_seg/42502875.png,title
42502828,images/42502828.jpg,black,embroidered,3 Piece - Printed Embroidered Suit - 42502828,6990,Linen,Nishat,images_seg/42502828.png,title
42502921,images/42502921.jpg,black,embroidered,3 Piece - Digital Printed Embroidered Suit - 42502921,7990,Khaddar,Nishat,images_seg/42502921.png,title
42502936,images/42502936.jpg,black,embroidered,3 Piece - Printed Embroidered Suit - 42502936,6990,Khaddar,Nishat,images_seg/42502936.png,title
42502794,images/42502794.jpg,multi,printed,2 Piece - Digital Printed Suit - 42502794,3590,Khaddar,Nishat,images_seg/42502794.png,title
42502805,images/42502805.jpg,grey,embroidered,2 Piece - Embroidered Suit - 42502805,5490,Karandi,Nishat,images_seg/42502805.png,title
42502917,images/42502917.jpg,multi,embroidered,3 Piece - Digital Printed Embroidered Suit - 42502917,7990,Khaddar,Nishat,images_seg/42502917.png,title
42502797,images/42502797.jpg,multi,printed,2 Piece - Digital Printed Suit - 42502797,3590,Khaddar,Nishat,images_seg/42502797.png,title
42502841,images/42502841.jpg,black,embroidered,3 Piece - Printed Embroidered Suit - 42502841,7990,Cambric,Nishat,images_seg/42502841.png,title
42502946,images/42502946.jpg,beige,printed,3 Piece - Printed Suit - 42502946,5490,Khaddar,Nishat,images_seg/42502946.png,title
42502848,images/42502848.jpg,black,embroidered,3 Piece - Printed Embroidered Suit - 42502848,7990,Cambric,Nishat,images_seg/42502848.png,title
42502795,images/42502795.jpg,black,printed,2 Piece - Digital Printed Suit - 42502795,3590,Khaddar,Nishat,images_seg/42502795.png,title
42502825,images/42502825.jpg,blue,embroidered,3 Piece - Printed Embroidered Suit - 42502825,6990,Linen,Nishat,images_seg/42502825.png,title
42502895,images/42502895.jpg,green,embroidered,3 Piece - Digital Printed Embroidered Suit - 42502895,7490,Cotton,Nishat,images_seg/42502895.png,title
42502835,images/42502835.jpg,yellow,printed,3 Piece - Printed Suit - 42502835,4790,Linen,Nishat,images_seg/42502835.png,title
42502916,images/42502916.jpg,black,embroidered,3 Piece - Digital Printed Embroidered Suit - 42502916,7990,Khaddar,Nishat,images_seg/42502916.png,title
42502907,images/42502907.jpg,green,printed,3 Piece - Digital Printed Suit - 42502907,5990,Cotton,Nishat,images_seg/42502907.png,title
42503505,images/42503505.jpg,red,embroidered,3 Piece - Embroidered Suit - 42503505,8490,Khaddar,Nishat,images_seg/42503505.png,title
42502939,images/42502939.jpg,green,embroidered,3 Piece - Printed Embroidered Suit - 42502939,6990,Khaddar,Nishat,images_seg/42502939.png,title
42502919,images/42502919.jpg,pink,embroidered,3 Piece - Digital Printed Embroidered Suit - 42502919,7990,Khaddar,Nishat,images_seg/42502919.png,title
42502934,images/42502934.jpg,beige,embroidered,3 Piece - Printed Embroidered Suit - 42502934,6990,Khaddar,Nishat,images_seg/42502934.png,title
42502824,images/42502824.jpg,pink,embroidered,3 Piece - Printed Embroidered Suit - 42502824,6990,Linen,Nishat,images_seg/42502824.png,title
42502869,images/42502869.jpg,multi,embroidered,3 Piece - Printed Embroidered Suit - 42502869,6990,Khaddar,Nishat,images_seg/42502869.png,title
42502945,images/42502945.jpg,green,printed,3 Piece - Printed Suit - 42502945,5490,Khaddar,Nishat,images_seg/42502945.png,title
42502942,images/42502942.jpg,black,embroidered,3 Piece - Printed Embroidered Suit - 42502942,6990,Khaddar,Nishat,images_seg/42502942.png,title
42502822,images/42502822.jpg,green,embroidered,3 Piece - Printed Embroidered Suit - 42502822,6990,Linen,Nishat,images_seg/42502822.png,title
42502948,images/42502948.jpg,maroon,printed,3 Piece - Printed Suit - 42502948,5490,Khaddar,Nishat,images_seg/42502948.png,title
42502938,images/42502938.jpg,orange,embroidered,3 Piece - Printed Embroidered Suit - 42502938,6990,Khaddar,Nishat,images_seg/42502938.png,title
42502798,images/42502798.jpg,yellow,printed,2 Piece - Digital Printed Suit - 42502798,3590,Khaddar,Nishat,images_seg/42502798.png,title
42502827,images/42502827.jpg,rust,embroidered,3 Piece - Printed Embroidered Suit - 42502827,6990,Linen,Nishat,images_seg/42502827.png,title
42502792,images/42502792.jpg,orange,printed,2 Piece - Digital Printed Suit - 42502792,3590,Khaddar,Nishat,images_seg/42502792.png,title
42502949,images/42502949.jpg,green,printed,3 Piece - Printed Suit - 42502949,5490,Khaddar,Nishat,images_seg/42502949.png,title
42502952,images/42502952.jpg,purple,printed,3 Piece - Printed Suit - 42502952,5490,Khaddar,Nishat,images_seg/42502952.png,title
42502944,images/42502944.jpg,green,printed,3 Piece - Printed Suit - 42502944,5490,Khaddar,Nishat,images_seg/42502944.png,title
42502887,images/42502887.jpg,green,printed,3 Piece - Printed Suit - 42502887,5690,Khaddar,Nishat,images_seg/42502887.png,title
42502810,images/42502810.jpg,white,embroidered,2 Piece - Printed Embroidered Suit - 42502810,5490,Khaddar,Nishat,images_seg/42502810.png,title
42502801,images/42502801.jpg,black,embroidered,2 Piece - Embroidered Suit - 42502801,5490,Karandi,Nishat,images_seg/42502801.png,title
42502789,images/42502789.jpg,multi,printed,2 Piece - Digital Printed Suit - 42502789,3590,Khaddar,Nishat,images_seg/42502789.png,title
42502815,images/42502815.jpg,beige,embroidered,2 Piece - Printed Embroidered Suit - 42502815,5490,Khaddar,Nishat,images_seg/42502815.png,title
42502812,images/42502812.jpg,lilac,embroidered,2 Piece - Printed Embroidered Suit - 42502812,5490,Khaddar,Nishat,images_seg/42502812.png,title
42502816,images/42502816.jpg,blue,embroidered,2 Piece - Printed Embroidered Suit - 42502816,5490,Khaddar,Nishat,images_seg/42502816.png,title
42502786,images/42502786.jpg,green,printed,2 Piece - Printed Suit - 42502786,3790,Linen,Nishat,images_seg/42502786.png,title
42502782,images/42502782.jpg,beige,printed,2 Piece - Printed Suit - 42502782,3790,Linen,Nishat,images_seg/42502782.png,title
42502785,images/42502785.jpg,blue,printed,2 Piece - Printed Suit - 42502785,3790,Linen,Nishat,images_seg/42502785.png,title
42502950,images/42502950.jpg,white,printed,3 Piece - Printed Suit - 42502950,5490,Khaddar,Nishat,images_seg/42502950.png,title
42502839,images/42502839.jpg,yellow,embroidered,3 Piece - Printed Embroidered Suit - 42502839,7990,Cotton,Nishat,images_seg/42502839.png,title
42502779,images/42502779.jpg,maroon,printed,2 Piece - Printed Suit - 42502779,3790,Linen,Nishat,images_seg/42502779.png,title
42502935,images/42502935.jpg,grey,embroidered,3 Piece - Printed Embroidered Suit - 42502935,6990,Khaddar,Nishat,images_seg/42502935.png,title
42502914,images/42502914.jpg,black,embroidered,3 Piece - Digital Printed Embroidered Suit - 42502914,7990,Khaddar,Nishat,images_seg/42502914.png,title
42502878,images/42502878.jpg,green,printed,3 Piece - Printed Suit - 42502878,5690,Khaddar,Nishat,images_seg/42502878.png,title
42502897,images/42502897.jpg,maroon,embroidered,3 Piece - Digital Printed Embroidered Suit - 42502897,7490,Cotton,Nishat,images_seg/42502897.png,title
42502831,images/42502831.jpg,multi,printed,3 Piece - Printed Suit - 42502831,4790,Linen,Nishat,images_seg/42502831.png,title
42502912,images/42502912.jpg,rust,embroidered,3 Piece - Digital Printed Embroidered Suit - 42502912,7690,Khaddar,Nishat,images_seg/42502912.png,title
42502829,images/42502829.jpg,green,printed,3 Piece - Printed Suit - 42502829,4790,Linen,Nishat,images_seg/42502829.png,title
42502904,images/42502904.jpg,beige,printed,3 Piece - Digital Printed Suit - 42502904,5990,Cotton,Nishat,images_seg/42502904.png,title
42502884,images/42502884.jpg,blue,printed,3 Piece - Printed Suit - 42502884,5690,Khaddar,Nishat,images_seg/42502884.png,title
42502906,images/42502906.jpg,rust,printed,3 Piece - Digital Printed Suit - 42502906,5990,Cotton,Nishat,images_seg/42502906.png,title
42502837,images/42502837.jpg,multi,printed,3 Piece - Printed Suit - 42502837,4790,Linen,Nishat,images_seg/42502837.png,title
42502880,images/42502880.jpg,multi,printed,3 Piece - Printed Suit - 42502880,5690,Khaddar,Nishat,images_seg/42502880.png,title
42502893,images/42502893.jpg,black,embroidered,3 Piece - Digital Printed Embroidered Suit - 42502893,7490,Cotton,Nishat,images_seg/42502893.png,title
42502898,images/42502898.jpg,beige,embroidered,3 Piece - Digital Printed Embroidered Suit - 42502898,7490,Cotton,Nishat,images_seg/42502898.png,title
42502838,images/42502838.jpg,black,printed,3 Piece - Printed Suit - 42502838,4790,Linen,Nishat,images_seg/42502838.png,title
42502899,images/42502899.jpg,blue,printed,3 Piece - Digital Printed Suit - 42502899,5990,Khaddar,Nishat,images_seg/42502899.png,title
42502901,images/42502901.jpg,white,printed,3 Piece - Digital Printed Suit - 42502901,5990,Khaddar,Nishat,images_seg/42502901.png,title
42502902,images/42502902.jpg,blue,printed,3 Piece - Digital Printed Suit - 42502902,5990,Cotton,Nishat,images_seg/42502902.png,title
42503542,images/42503542.jpg,white,printed,3 Piece - Printed Suit - 42503542,5690,Khaddar,Nishat,images_seg/42503542.png,title
42502894,images/42502894.jpg,beige,embroidered,3 Piece - Digital Printed Embroidered Suit - 42502894,7490,Cotton,Nishat,images_seg/42502894.png,title
42502890,images/42502890.jpg,blue,embroidered,3 Piece - Digital Printed Embroidered Suit - 42502890,7490,Cotton,Nishat,images_seg/42502890.png,title
42502961,images/42502961.jpg,black,embroidered,3 Piece - Printed Embroidered Suit - 42502961,7490,Khaddar,Nishat,images_seg/42502961.png,title
42502903,images/42502903.jpg,multi,printed,3 Piece - Digital Printed Suit - 42502903,5990,Khaddar,Nishat,images_seg/42502903.png,title
42503543,images/42503543.jpg,beige,printed,3 Piece - Printed Suit - 42503543,5690,Khaddar,Nishat,images_seg/42503543.png,title
42503545,images/42503545.jpg,white,printed,3 Piece - Printed Suit - 42503545,5690,Khaddar,Nishat,images_seg/42503545.png,title
42503547,images/42503547.jpg,beige,printed,3 Piece - Printed Suit - 42503547,5690,Khaddar,Nishat,images_seg/42503547.png,title
42503541,images/42503541.jpg,peach,printed,3 Piece - Printed Suit - 42503541,5690,Khaddar,Nishat,images_seg/42503541.png,title
42503549,images/42503549.jpg,pink,printed,3 Piece - Printed Suit - 42503549,5690,Khaddar,Nishat,images_seg/42503549.png,title
42502642,images/42502642.jpg,rust,embroidered,3 Piece - Digital Printed Embroidered Suit - 42502642,8990,Cotton,Nishat,images_seg/42502642.png,title
42502524,images/42502524.jpg,green,embroidered,3 Piece - Embroidered Suit - 42502524,9990,Karandi,Nishat,images_seg/42502524.png,title
42502513,images/42502513.jpg,green,embroidered,2 Piece - Embroidered Suit - 42502513,5490,Khaddar,Nishat,images_seg/42502513.png,title
42502488,images/42502488.jpg,purple,embroidered,2 Piece - Printed Embroidered Suit - 42502488,4990,Khaddar,Nishat,images_seg/42502488.png,title
42502485,images/42502485.jpg,peach,embroidered,2 Piece - Printed Embroidered Suit - 42502485,4990,Khaddar,Nishat,images_seg/42502485.png,title
42502778,images/42502778.jpg,black,embroidered,3 Piece - Embroidered Suit - 42502778,16490,Chiffon,Nishat,images_seg/42502778.png,title
42503979,images/42503979.jpg,pink,printed,1 Piece - Digital Printed Loose Fabric - 42503979,860,Khaddar,Nishat,images_seg/42503979.png,title
42503993,images/42503993.jpg,beige,printed,1 Piece - Digital Printed Loose Fabric - 42503993,820,Khaddar,Nishat,images_seg/42503993.png,title
PMD25-05,images/PMD25-05.jpg,multi,embroidered,3 Piece - Printed Embroidered Suit - PMD25-05 M,15990,Khaddar,Nishat,images_seg/PMD25-05.png,title
42503986,images/42503986.jpg,green,printed,1 Piece - Digital Printed Loose Fabric - 42503986,820,Khaddar,Nishat,images_seg/42503986.png,title
42503982,images/42503982.jpg,multi,printed,1 Piece - Digital Printed Loose Fabric - 42503982,860,Khaddar,Nishat,images_seg/42503982.png,title
42503987,images/42503987.jpg,black,printed,1 Piece - Digital Printed Loose Fabric - 42503987,820,Khaddar,Nishat,images_seg/42503987.png,title
42502734,images/42502734.jpg,black,embroidered,3 Piece - Embroidered Suit - 42502734,9990,Khaddar,Nishat,images_seg/42502734.png,title
42502543,images/42502543.jpg,beige,embroidered,3 Piece - Printed Embroidered Suit - 42502543,7990,Khaddar,Nishat,images_seg/42502543.png,title
42502583,images/42502583.jpg,peach,embroidered,3 Piece - Digital Printed Embroidered Suit - 42502583,7990,Khaddar,Nishat,images_seg/42502583.png,title
42502595,images/42502595.jpg,green,embroidered,3 Piece - Digital Printed Embroidered Suit - 42502595,8990,Khaddar,Nishat,images_seg/42502595.png,title
42502609,images/42502609.jpg,pink,embroidered,3 Piece - Digital Printed Embroidered Suit - 42502609,10990,Cambric,Nishat,images_seg/42502609.png,title
42502714,images/42502714.jpg,beige,embroidered,2 Piece - Embroidered Suit - 42502714,7790,Khaddar,Nishat,images_seg/42502714.png,title
42502482,images/42502482.jpg,green,embroidered,2 Piece - Embroidered Suit - 42502482,7590,Khaddar,Nishat,images_seg/42502482.png,title
42502582,images/42502582.jpg,green,embroidered,3 Piece - Digital Printed Embroidered Suit - 42502582,7990,Khaddar,Nishat,images_seg/42502582.png,title
42502534,images/42502534.jpg,pink,embroidered,3 Piece - Printed Embroidered Suit - 42502534,7990,Khaddar,Nishat,images_seg/42502534.png,title
42502688,images/42502688.jpg,beige,embroidered,3 Piece - Printed Embroidered Suit - 42502688,7490,Khaddar,Nishat,images_seg/42502688.png,title
42502634,images/42502634.jpg,black,embroidered,3 Piece - Digital Printed Embroidered Suit - 42502634,8990,Cotton,Nishat,images_seg/42502634.png,title
42502607,images/42502607.jpg,green,embroidered,3 Piece - Embroidered Suit - 42502607,9990,Cambric,Nishat,images_seg/42502607.png,title
42502651,images/42502651.jpg,lilac,embroidered,3 Piece - Digital Printed Embroidered Suit - 42502651,8990,Cotton,Nishat,images_seg/42502651.png,title
42502605,images/42502605.jpg,maroon,embroidered,3 Piece - Embroidered Suit - 42502605,9990,Cambric,Nishat,images_seg/42502605.png,title
42502638,images/42502638.jpg,green,embroidered,3 Piece - Digital Printed Embroidered Suit - 42502638,8990,Cotton,Nishat,images_seg/42502638.png,title
42502635,images/42502635.jpg,multi,embroidered,3 Piece - Digital Printed Embroidered Suit - 42502635,8990,Cotton,Nishat,images_seg/42502635.png,title
42502613,images/42502613.jpg,yellow,embroidered,3 Piece - Digital Printed Embroidered Suit - 42502613,10990,Cambric,Nishat,images_seg/42502613.png,title
42502646,images/42502646.jpg,yellow,embroidered,3 Piece - Digital Printed Embroidered Suit - 42502646,8990,Cotton,Nishat,images_seg/42502646.png,title
42502643,images/42502643.jpg,yellow,embroidered,3 Piece - Digital Printed Embroidered Suit - 42502643,8990,Cotton,Nishat,images_seg/42502643.png,title
42502591,images/42502591.jpg,white,printed,3 Piece - Digital Printed Suit - 42502591,6490,Khaddar,Nishat,images_seg/42502591.png,title
42502633,images/42502633.jpg,grey,printed,3 Piece - Printed Suit - 42502633,4790,Linen,Nishat,images_seg/42502633.png,title
42502615,images/42502615.jpg,white,embroidered,3 Piece - Printed Embroidered Suit - 42502615,6990,Linen,Nishat,images_seg/42502615.png,title
42502589,images/42502589.jpg,green,printed,3 Piece - Digital Printed Suit - 42502589,6490,Khaddar,Nishat,images_seg/42502589.png,title
42502588,images/42502588.jpg,beige,printed,3 Piece - Digital Printed Suit - 42502588,6490,Khaddar,Nishat,images_seg/42502588.png,title
42502627,images/42502627.jpg,maroon,printed,3 Piece - Printed Suit - 42502627,4790,Linen,Nishat,images_seg/42502627.png,title
42502762,images/42502762.jpg,yellow,printed,2 Piece - Printed Suit - 42502762,3790,Karandi,Nishat,images_seg/42502762.png,title
42502618,images/42502618.jpg,purple,embroidered,3 Piece - Printed Embroidered Suit - 42502618,6990,Linen,Nishat,images_seg/42502618.png,title
42502518,images/42502518.jpg,beige,embroidered,3 Piece - Printed Embroidered Suit - 42502518,8490,Khaddar,Nishat,images_seg/42502518.png,title
42502578,images/42502578.jpg,multi,embroidered,3 Piece - Digital Printed Embroidered Suit - 42502578,7990,Khaddar,Nishat,images_seg/42502578.png,title
42502596,images/42502596.jpg,beige,embroidered,3 Piece - Digital Printed Embroidered Suit - 42502596,8990,Khaddar,Nishat,images_seg/42502596.png,title
42502761,images/42502761.jpg,multi,printed,2 Piece - Printed Suit - 42502761,3790,Karandi,Nishat,images_seg/42502761.png,title
42502730,images/42502730.jpg,beige,embroidered,3 Piece - Embroidered Suit - 42502730,16490,Khaddar,Nishat,images_seg/42502730.png,title
42502601,images/42502601.jpg,yellow,embroidered,3 Piece - Digital Printed Embroidered Suit - 42502601,8990,Khaddar,Nishat,images_seg/42502601.png,title
42502619,images/42502619.jpg,green,embroidered,3 Piece - Printed Embroidered Suit - 42502619,6990,Linen,Nishat,images_seg/42502619.png,title
42502622,images/42502622.jpg,blue,embroidered,3 Piece - Printed Embroidered Suit - 42502622,6990,Linen,Nishat,images_seg/42502622.png,title
42502484,images/42502484.jpg,white,embroidered,2 Piece - Embroidered Suit - 42502484,4990,Khaddar,Nishat,images_seg/42502484.png,title
42502616,images/42502616.jpg,black,embroidered,3 Piece - Printed Embroidered Suit - 42502616,6990,Linen,Nishat,images_seg/42502616.png,title
42502685,images/42502685.jpg,rust,embroidered,3 Piece - Printed Embroidered Suit - 42502685,7490,Khaddar,Nishat,images_seg/42502685.png,title
42502506,images/42502506.jpg,yellow,embroidered,2 Piece - Embroidered Suit - 42502506,5490,Khaddar,Nishat,images_seg/42502506.png,title
42502602,images/42502602.jpg,white,embroidered,3 Piece - Digital Printed Embroidered Suit - 42502602,8990,Khaddar,Nishat,images_seg/42502602.png,title
42502576,images/42502576.jpg,yellow,embroidered,3 Piece - Digital Printed Embroidered Suit - 42502576,7990,Khaddar,Nishat,images_seg/42502576.png,title
42502727,images/42502727.jpg,black,embroidered,3 Piece - Digital Printed Embroidered Suit - 42502727,10990,Karandi,Nishat,images_seg/42502727.png,title
42502580,images/42502580.jpg,black,embroidered,3 Piece - Digital Printed Embroidered Suit - 42502580,7990,Khaddar,Nishat,images_seg/42502580.png,title
42502738,images/42502738.jpg,green,embroidered,3 Piece - Embroidered Suit - 42502738,9990,Khaddar,Nishat,images_seg/42502738.png,title
42502766,images/42502766.jpg,multi,printed,2 Piece - Printed Suit - 42502766,3790,Karandi,Nishat,images_seg/42502766.png,title
42502707,images/42502707.jpg,beige,embroidered,3 Piece - Digital Printed Embroidered Suit - 42502707,9990,Karandi,Nishat,images_seg/42502707.png,title
42502581,images/42502581.jpg,yellow,embroidered,3 Piece - Digital Printed Embroidered Suit - 42502581,7990,Khaddar,Nishat,images_seg/42502581.png,title
42502621,images/42502621.jpg,white,embroidered,3 Piece - Printed Embroidered Suit - 42502621,6990,Linen,Nishat,images_seg/42502621.png,title
42502700,images/42502700.jpg,brown,embroidered,3 Piece - Digital Printed Embroidered Suit - 42502700,12490,Karandi,Nishat,images_seg/42502700.png,title
42502768,images/42502768.jpg,multi,printed,2 Piece - Printed Suit - 42502768,3790,Karandi,Nishat,images_seg/42502768.png,title
42502741,images/42502741.jpg,green,embroidered,3 Piece - Embroidered Suit - 42502741,11990,Karandi,Nishat,images_seg/42502741.png,title
42502610,images/42502610.jpg,white,embroidered,3 Piece - Digital Printed Embroidered Suit - 42502610,10990,Cambric,Nishat,images_seg/42502610.png,title
42502650,images/42502650.jpg,rust,embroidered,3 Piece - Digital Printed Embroidered Suit - 42502650,8990,Cotton,Nishat,images_seg/42502650.png,title
42502731,images/42502731.jpg,black,embroidered,3 Piece - Embroidered Suit - 42502731,16490,Khaddar,Nishat,images_seg/42502731.png,title
42502648,images/42502648.jpg,pink,embroidered,3 Piece - Digital Printed Embroidered Suit - 42502648,8990,Cotton,Nishat,images_seg/42502648.png,title
42502636,images/42502636.jpg,blue,embroidered,3 Piece - Digital Printed Embroidered Suit - 42502636,8990,Cotton,Nishat,images_seg/42502636.png,title
42502585,images/42502585.jpg,maroon,printed,3 Piece - Digital Printed Suit - 42502585,6490,Khaddar,Nishat,images_seg/42502585.png,title
42502702,images/42502702.jpg,purple,embroidered,3 Piece - Digital Printed Embroidered Suit - 42502702,12490,Karandi,Nishat,images_seg/42502702.png,title
42502606,images/42502606.jpg,beige,embroidered,3 Piece - Embroidered Suit - 42502606,9990,Cambric,Nishat,images_seg/42502606.png,title
42502538,images/42502538.jpg,yellow,embroidered,3 Piece - Printed Embroidered Suit - 42502538,7990,Khaddar,Nishat,images_seg/42502538.png,title
42502480,images/42502480.jpg,beige,embroidered,2 Piece - Embroidered Suit - 42502480,7590,Khaddar,Nishat,images_seg/42502480.png,title
42502614,images/42502614.jpg,peach,embroidered,3 Piece - Printed Embroidered Suit - 42502614,6990,Linen,Nishat,images_seg/42502614.png,title
42502759,images/42502759.jpg,white,printed,2 Piece - Printed Suit - 42502759,3790,Karandi,Nishat,images_seg/42502759.png,title
42502517,images/42502517.jpg,pink,embroidered,3 Piece - Printed Embroidered Suit - 42502517,8490,Khaddar,Nishat,images_seg/42502517.png,title
42502710,images/42502710.jpg,green,embroidered,3 Piece - Digital Printed Embroidered Suit - 42502710,9990,Karandi,Nishat,images_seg/42502710.png,title
42502593,images/42502593.jpg,black,printed,3 Piece - Digital Printed Suit - 42502593,6490,Khaddar,Nishat,images_seg/42502593.png,title
42503675,images/42503675.jpg,peach,embroidered,3 Piece - Embroidered Suit - 42503675,19990,Karandi,Nishat,images_seg/42503675.png,title
42502479,images/42502479.jpg,red,embroidered,2 Piece - Embroidered Suit - 42502479,7590,Khaddar,Nishat,images_seg/42502479.png,title
42502587,images/42502587.jpg,pink,printed,3 Piece - Digital Printed Suit - 42502587,6490,Khaddar,Nishat,images_seg/42502587.png,title
42502647,images/42502647.jpg,yellow,embroidered,3 Piece - Digital Printed Embroidered Suit - 42502647,8990,Cotton,Nishat,images_seg/42502647.png,title
42502776,images/42502776.jpg,maroon,embroidered,3 Piece - Embroidered Suit - 42502776,16490,Chiffon,Nishat,images_seg/42502776.png,title
42502653,images/42502653.jpg,multi,embroidered,3 Piece - Digital Printed Embroidered Suit - 42502653,8990,Cotton,Nishat,images_seg/42502653.png,title
42502579,images/42502579.jpg,red,embroidered,3 Piece - Digital Printed Embroidered Suit - 42502579,7990,Khaddar,Nishat,images_seg/42502579.png,title
42502742,images/42502742.jpg,red,embroidered,3 Piece - Embroidered Suit - 42502742,11990,Karandi,Nishat,images_seg/42502742.png,title
42503678,images/42503678.jpg,maroon,embroidered,3 Piece - Embroidered Suit - 42503678,19990,Karandi,Nishat,images_seg/42503678.png,title
42502604,images/42502604.jpg,black,embroidered,3 Piece - Embroidered Suit - 42502604,9990,Cambric,Nishat,images_seg/42502604.png,title
42502641,images/42502641.jpg,blue,embroidered,3 Piece - Digital Printed Embroidered Suit - 42502641,8990,Cotton,Nishat,images_seg/42502641.png,title
42502521,images/42502521.jpg,rust,embroidered,3 Piece - Printed Embroidered Suit - 42502521,8490,Khaddar,Nishat,images_seg/42502521.png,title
42502644,images/42502644.jpg,maroon,embroidered,3 Piece - Digital Printed Embroidered Suit - 42502644,8990,Cotton,Nishat,images_seg/42502644.png,title
42502739,images/42502739.jpg,white,embroidered,3 Piece - Embroidered Suit - 42502739,11990,Karandi,Nishat,images_seg/42502739.png,title
42502652,images/42502652.jpg,multi,embroidered,3 Piece - Digital Printed Embroidered Suit - 42502652,8990,Cotton,Nishat,images_seg/42502652.png,title
42504011,images/42504011.jpg,red,embroidered,1 Piece - Dyed Loose Fabric - 42504011,1400,Khaddar,Nishat,images_seg/42504011.png,clip
42504029,images/42504029.jpg,black,printed,3 Piece - Printed Loose Fabric - 42504029,504,Khaddar,Nishat,images_seg/42504029.png,title
42504010,images/42504010.jpg,lilac,embroidered,1 Piece - Dyed Loose Fabric - 42504010,1400,Khaddar,Nishat,images_seg/42504010.png,clip
42504043,images/42504043.jpg,black,printed,3 Piece - Printed Loose Fabric - 42504043,504,Khaddar,Nishat,images_seg/42504043.png,title
42504057,images/42504057.jpg,yellow,printed,3 Piece - Printed Loose Fabric - 42504057,546,Linen,Nishat,images_seg/42504057.png,title
42504070,images/42504070.jpg,black,printed,1 Piece - Digital Printed Loose Fabric - 42504070,1450,Khaddar,Nishat,images_seg/42504070.png,title
42504056,images/42504056.jpg,black,printed,3 Piece - Printed Loose Fabric - 42504056,546,Linen,Nishat,images_seg/42504056.png,title
42504028,images/42504028.jpg,black,printed,3 Piece - Printed Loose Fabric - 42504028,504,Khaddar,Nishat,images_seg/42504028.png,title
42504009,images/42504009.jpg,beige,solid,1 Piece - Dyed Loose Fabric - 42504009,1400,Khaddar,Nishat,images_seg/42504009.png,clip
42504012,images/42504012.jpg,black,printed,1 Piece - Dyed Loose Fabric - 42504012,1400,Khaddar,Nishat,images_seg/42504012.png,clip
42504074,images/42504074.jpg,peach,printed,3 Piece - Printed Loose Fabric - 42504074,560,Khaddar,Nishat,images_seg/42504074.png,title
42502777,images/42502777.jpg,maroon,embroidered,3 Piece - Embroidered Suit - 42502777,16490,Chiffon,Nishat,images_seg/42502777.png,title
42502611,images/42502611.jpg,grey,embroidered,3 Piece - Digital Printed Embroidered Suit - 42502611,10990,Cambric,Nishat,images_seg/42502611.png,title
42502637,images/42502637.jpg,multi,embroidered,3 Piece - Digital Printed Embroidered Suit - 42502637,8990,Cotton,Nishat,images_seg/42502637.png,title
42502640,images/42502640.jpg,rust,embroidered,3 Piece - Digital Printed Embroidered Suit - 42502640,8990,Cotton,Nishat,images_seg/42502640.png,title
42504073,images/42504073.jpg,white,printed,1 Piece - Digital Printed Loose Fabric - 42504073,1450,Khaddar,Nishat,images_seg/42504073.png,title
42503978,images/42503978.jpg,white,printed,1 Piece - Digital Printed Loose Fabric - 42503978,850,Karandi,Nishat,images_seg/42503978.png,title
42504017,images/42504017.jpg,white,printed,3 Piece - Printed Loose Fabric - 42504017,504,Khaddar,Nishat,images_seg/42504017.png,title
42504054,images/42504054.jpg,black,printed,3 Piece - Printed Loose Fabric - 42504054,546,Linen,Nishat,images_seg/42504054.png,title
42504048,images/42504048.jpg,black,printed,3 Piece - Printed Loose Fabric - 42504048,546,Linen,Nishat,images_seg/42504048.png,title
42504052,images/42504052.jpg,green,printed,3 Piece - Printed Loose Fabric - 42504052,546,Linen,Nishat,images_seg/42504052.png,title
42504067,images/42504067.jpg,black,printed,3 Piece - Printed Loose Fabric - 42504067,560,Khaddar,Nishat,images_seg/42504067.png,title
42504068,images/42504068.jpg,black,printed,3 Piece - Printed Loose Fabric - 42504068,560,Khaddar,Nishat,images_seg/42504068.png,title
42503966,images/42503966.jpg,pink,printed,1 Piece - Digital Printed Loose Fabric - 42503966,850,Karandi,Nishat,images_seg/42503966.png,title
42503964,images/42503964.jpg,white,printed,1 Piece - Digital Printed Loose Fabric - 42503964,850,Karandi,Nishat,images_seg/42503964.png,title
42503967,images/42503967.jpg,beige,printed,1 Piece - Digital Printed Loose Fabric - 42503967,850,Karandi,Nishat,images_seg/42503967.png,title
42503965,images/42503965.jpg,multi,printed,1 Piece - Digital Printed Loose Fabric - 42503965,850,Karandi,Nishat,images_seg/42503965.png,title
42503968,images/42503968.jpg,green,printed,1 Piece - Digital Printed Loose Fabric - 42503968,850,Karandi,Nishat,images_seg/42503968.png,title
42503970,images/42503970.jpg,multi,printed,1 Piece - Digital Printed Loose Fabric - 42503970,850,Karandi,Nishat,images_seg/42503970.png,title
42503972,images/42503972.jpg,rust,printed,1 Piece - Digital Printed Loose Fabric - 42503972,850,Karandi,Nishat,images_seg/42503972.png,title
42503975,images/42503975.jpg,white,printed,1 Piece - Digital Printed Loose Fabric - 42503975,850,Karandi,Nishat,images_seg/42503975.png,title
42503981,images/42503981.jpg,multi,printed,1 Piece - Digital Printed Loose Fabric - 42503981,860,Khaddar,Nishat,images_seg/42503981.png,title
42503977,images/42503977.jpg,blue,printed,1 Piece - Digital Printed Loose Fabric - 42503977,850,Karandi,Nishat,images_seg/42503977.png,title
42503984,images/42503984.jpg,black,printed,1 Piece - Digital Printed Loose Fabric - 42503984,860,Khaddar,Nishat,images_seg/42503984.png,title
42503985,images/42503985.jpg,black,printed,1 Piece - Digital Printed Loose Fabric - 42503985,860,Khaddar,Nishat,images_seg/42503985.png,title
42503989,images/42503989.jpg,multi,printed,1 Piece - Digital Printed Loose Fabric - 42503989,820,Khaddar,Nishat,images_seg/42503989.png,title
42503991,images/42503991.jpg,black,printed,1 Piece - Digital Printed Loose Fabric - 42503991,820,Khaddar,Nishat,images_seg/42503991.png,title
42504013,images/42504013.jpg,green,embroidered,1 Piece - Dyed Loose Fabric - 42504013,1400,Khaddar,Nishat,images_seg/42504013.png,clip
42503959,images/42503959.jpg,green,solid,1 Piece - Dyed Loose Fabric - 42503959,780,Karandi,Nishat,images_seg/42503959.png,clip
42503961,images/42503961.jpg,white,embroidered,1 Piece - Dyed Loose Fabric - 42503961,780,Karandi,Nishat,images_seg/42503961.png,clip
42503962,images/42503962.jpg,beige,solid,1 Piece - Dyed Loose Fabric - 42503962,780,Karandi,Nishat,images_seg/42503962.png,clip
42504014,images/42504014.jpg,green,printed,3 Piece - Printed Loose Fabric - 42504014,504,Khaddar,Nishat,images_seg/42504014.png,title
42504018,images/42504018.jpg,yellow,printed,3 Piece - Printed Loose Fabric - 42504018,504,Khaddar,Nishat,images_seg/42504018.png,title
42504019,images/42504019.jpg,green,printed,3 Piece - Printed Loose Fabric - 42504019,504,Khaddar,Nishat,images_seg/42504019.png,title
42504021,images/42504021.jpg,black,printed,3 Piece - Printed Loose Fabric - 42504021,504,Khaddar,Nishat,images_seg/42504021.png,title
42504022,images/42504022.jpg,white,printed,3 Piece - Printed Loose Fabric - 42504022,504,Khaddar,Nishat,images_seg/42504022.png,title
42504023,images/42504023.jpg,yellow,printed,3 Piece - Printed Loose Fabric - 42504023,504,Khaddar,Nishat,images_seg/42504023.png,title
42504031,images/42504031.jpg,white,printed,3 Piece - Printed Loose Fabric - 42504031,504,Khaddar,Nishat,images_seg/42504031.png,title
42504032,images/42504032.jpg,multi,printed,3 Piece - Printed Loose Fabric - 42504032,504,Khaddar,Nishat,images_seg/42504032.png,title
42504033,images/42504033.jpg,brown,printed,3 Piece - Printed Loose Fabric - 42504033,504,Khaddar,Nishat,images_seg/42504033.png,title
42504035,images/42504035.jpg,yellow,printed,3 Piece - Printed Loose Fabric - 42504035,504,Khaddar,Nishat,images_seg/42504035.png,title
42504036,images/42504036.jpg,green,printed,3 Piece - Printed Loose Fabric - 42504036,504,Khaddar,Nishat,images_seg/42504036.png,title
42504038,images/42504038.jpg,red,printed,3 Piece - Printed Loose Fabric - 42504038,504,Khaddar,Nishat,images_seg/42504038.png,title
42504039,images/42504039.jpg,blue,printed,3 Piece - Printed Loose Fabric - 42504039,504,Khaddar,Nishat,images_seg/42504039.png,title
42504040,images/42504040.jpg,brown,printed,3 Piece - Printed Loose Fabric - 42504040,504,Khaddar,Nishat,images_seg/42504040.png,title
42504041,images/42504041.jpg,rust,printed,3 Piece - Printed Loose Fabric - 42504041,504,Khaddar,Nishat,images_seg/42504041.png,title
42504042,images/42504042.jpg,black,printed,3 Piece - Printed Loose Fabric - 42504042,504,Khaddar,Nishat,images_seg/42504042.png,title
42504045,images/42504045.jpg,black,printed,3 Piece - Printed Loose Fabric - 42504045,546,Linen,Nishat,images_seg/42504045.png,title
42504051,images/42504051.jpg,grey,printed,3 Piece - Printed Loose Fabric - 42504051,546,Linen,Nishat,images_seg/42504051.png,title
42504058,images/42504058.jpg,black,printed,3 Piece - Printed Loose Fabric - 42504058,546,Linen,Nishat,images_seg/42504058.png,title
42501955,images/42501955.jpg,blue,printed,3 Piece - Printed Suit - 42501955,4790,Lawn,Nishat,images_seg/42501955.png,title
42501951,images/42501951.jpg,rust,printed,3 Piece - Printed Suit - 42501951,5690,Cambric,Nishat,images_seg/42501951.png,title
42502114,images/42502114.jpg,yellow,jacquard,3 Piece - Digital Printed Jacquard Suit - 42502114,9990,Jacquard,Nishat,images_seg/42502114.png,title
42502217,images/42502217.jpg,green,embroidered,3 Piece - Digital Printed Embroidered Suit - 42502217,8490,Cambric,Nishat,images_seg/42502217.png,title
42501953,images/42501953.jpg,blue,printed,3 Piece - Printed Suit - 42501953,5690,Cambric,Nishat,images_seg/42501953.png,title
42502215,images/42502215.jpg,peach,embroidered,3 Piece - Digital Printed Embroidered Suit - 42502215,8490,Cambric,Nishat,images_seg/42502215.png,title
42501947,images/42501947.jpg,beige,printed,3 Piece - Printed Suit - 42501947,5690,Cambric,Nishat,images_seg/42501947.png,title
42502219,images/42502219.jpg,yellow,embroidered,3 Piece - Digital Printed Embroidered Suit - 42502219,8490,Cambric,Nishat,images_seg/42502219.png,title
42502460,images/42502460.jpg,white,embroidered,3 Piece - Printed Embroidered Suit - 42502460,7490,Khaddar,Nishat,images_seg/42502460.png,title
42502117,images/42502117.jpg,white,jacquard,3 Piece - Digital Printed Jacquard Suit - 42502117,9990,Jacquard,Nishat,images_seg/42502117.png,title
42502463,images/42502463.jpg,grey,embroidered,3 Piece - Printed Embroidered Suit - 42502463,7490,Khaddar,Nishat,images_seg/42502463.png,title
42502462,images/42502462.jpg,green,embroidered,3 Piece - Printed Embroidered Suit - 42502462,7490,Khaddar,Nishat,images_seg/42502462.png,title
42502461,images/42502461.jpg,purple,embroidered,3 Piece - Printed Embroidered Suit - 42502461,7490,Khaddar,Nishat,images_seg/42502461.png,title
42502432,images/42502432.jpg,lilac,printed,3 Piece - Printed Suit - 42502432,5490,Khaddar,Nishat,images_seg/42502432.png,title
42502457,images/42502457.jpg,white,embroidered,3 Piece - Printed Embroidered Suit - 42502457,7490,Khaddar,Nishat,images_seg/42502457.png,title
42502431,images/42502431.jpg,white,printed,3 Piece - Printed Suit - 42502431,5490,Khaddar,Nishat,images_seg/42502431.png,title
42502416,images/42502416.jpg,yellow,printed,3 Piece - Digital Printed Suit - 42502416,5490,Khaddar,Nishat,images_seg/42502416.png,title
42502427,images/42502427.jpg,brown,printed,3 Piece - Printed Suit - 42502427,5490,Khaddar,Nishat,images_seg/42502427.png,title
42502426,images/42502426.jpg,orange,printed,3 Piece - Printed Suit - 42502426,5490,Khaddar,Nishat,images_seg/42502426.png,title
42502423,images/42502423.jpg,maroon,printed,3 Piece - Digital Printed Suit - 42502423,5490,Khaddar,Nishat,images_seg/42502423.png,title
42502422,images/42502422.jpg,yellow,printed,3 Piece - Digital Printed Suit - 42502422,5490,Khaddar,Nishat,images_seg/42502422.png,title
42502419,images/42502419.jpg,purple,printed,3 Piece - Digital Printed Suit - 42502419,5490,Khaddar,Nishat,images_seg/42502419.png,title
42501936,images/42501936.jpg,maroon,printed,3 Piece - Digital Printed Suit - 42501936,5190,Lawn,Nishat,images_seg/42501936.png,title
42502414,images/42502414.jpg,white,printed,3 Piece - Digital Printed Suit - 42502414,5490,Khaddar,Nishat,images_seg/42502414.png,title
42502366,images/42502366.jpg,pink,embroidered,3 Piece - Printed Embroidered Suit - 42502366,6990,Linen,Nishat,images_seg/42502366.png,title
42502364,images/42502364.jpg,beige,embroidered,3 Piece - Printed Embroidered Suit - 42502364,6990,Linen,Nishat,images_seg/42502364.png,title
42502360,images/42502360.jpg,rust,printed,2 Piece - Printed Suit - 42502360,3990,Cambric,Nishat,images_seg/42502360.png,title
42502363,images/42502363.jpg,rust,printed,2 Piece - Printed Suit - 42502363,3990,Cambric,Nishat,images_seg/42502363.png,title
42502357,images/42502357.jpg,yellow,embroidered,2 Piece - Printed Embroidered Suit - 42502357,5490,Cambric,Nishat,images_seg/42502357.png,title
42502361,images/42502361.jpg,blue,printed,2 Piece - Printed Suit - 42502361,3990,Cambric,Nishat,images_seg/42502361.png,title
42502328,images/42502328.jpg,black,printed,2 Piece - Printed Suit - 42502328,3590,Khaddar,Nishat,images_seg/42502328.png,title
42502359,images/42502359.jpg,multi,printed,2 Piece - Printed Suit - 42502359,3990,Cambric,Nishat,images_seg/42502359.png,title
42502365,images/42502365.jpg,maroon,embroidered,3 Piece - Printed Embroidered Suit - 42502365,6990,Linen,Nishat,images_seg/42502365.png,title
42501942,images/42501942.jpg,lilac,printed,3 Piece - Digital Printed Suit - 42501942,5190,Lawn,Nishat,images_seg/42501942.png,title
42502327,images/42502327.jpg,white,printed,2 Piece - Printed Suit - 42502327,3590,Khaddar,Nishat,images_seg/42502327.png,title
42501926,images/42501926.jpg,green,embroidered,3 Piece - Digital Printed Embroidered Suit - 42501926,6990,Lawn,Nishat,images_seg/42501926.png,title
42501924,images/42501924.jpg,black,embroidered,3 Piece - Digital Printed Embroidered Suit - 42501924,6990,Lawn,Nishat,images_seg/42501924.png,title
42501928,images/42501928.jpg,yellow,embroidered,3 Piece - Digital Printed Embroidered Suit - 42501928,6990,Lawn,Nishat,images_seg/42501928.png,title
42501941,images/42501941.jpg,green,printed,3 Piece - Digital Printed Suit - 42501941,5190,Lawn,Nishat,images_seg/42501941.png,title
42501939,images/42501939.jpg,white,printed,3 Piece - Digital Printed Suit - 42501939,5190,Lawn,Nishat,images_seg/42501939.png,title
42501930,images/42501930.jpg,black,embroidered,3 Piece - Digital Printed Embroidered Suit - 42501930,6990,Lawn,Nishat,images_seg/42501930.png,title
42501935,images/42501935.jpg,blue,printed,3 Piece - Digital Printed Suit - 42501935,5190,Lawn,Nishat,images_seg/42501935.png,title
42501931,images/42501931.jpg,lilac,embroidered,3 Piece - Digital Printed Embroidered Suit - 42501931,6990,Lawn,Nishat,images_seg/42501931.png,title
42501925,images/42501925.jpg,beige,embroidered,3 Piece - Digital Printed Embroidered Suit - 42501925,6990,Lawn,Nishat,images_seg/42501925.png,title
42502092,images/42502092.jpg,beige,printed,3 Piece - Digital Printed Suit - 42502092,5190,Cambric,Nishat,images_seg/42502092.png,title
42502192,images/42502192.jpg,green,printed,3 Piece - Printed Suit - 42502192,5190,Khaddar,Nishat,images_seg/42502192.png,title
42502241,images/42502241.jpg,rust,printed,3 Piece - Digital Printed Suit - 42502241,5690,Cambric,Nishat,images_seg/42502241.png,title
42502102,images/42502102.jpg,black,printed,3 Piece - Digital Printed Suit - 42502102,5190,Cambric,Nishat,images_seg/42502102.png,title
42502100,images/42502100.jpg,black,printed,3 Piece - Digital Printed Suit - 42502100,5190,Cambric,Nishat,images_seg/42502100.png,title
42502456,images/42502456.jpg,blue,embroidered,3 Piece - Printed Embroidered Suit - 42502456,7490,Khaddar,Nishat,images_seg/42502456.png,title
42502090,images/42502090.jpg,beige,printed,3 Piece - Digital Printed Suit - 42502090,5190,Cambric,Nishat,images_seg/42502090.png,title
42502088,images/42502088.jpg,blue,printed,3 Piece - Digital Printed Suit - 42502088,5190,Cambric,Nishat,images_seg/42502088.png,title
42502085,images/42502085.jpg,white,printed,3 Piece - Digital Printed Suit - 42502085,5190,Cambric,Nishat,images_seg/42502085.png,title
42502223,images/42502223.jpg,purple,embroidered,3 Piece - Digital Printed Embroidered Suit - 42502223,8490,Cambric,Nishat,images_seg/42502223.png,title
42501952,images/42501952.jpg,pink,printed,3 Piece - Printed Suit - 42501952,5690,Cambric,Nishat,images_seg/42501952.png,title
42502202,images/42502202.jpg,black,printed,3 Piece - Printed Suit - 42502202,5190,Khaddar,Nishat,images_seg/42502202.png,title
42502234,images/42502234.jpg,beige,printed,3 Piece - Digital Printed Suit - 42502234,5690,Cambric,Nishat,images_seg/42502234.png,title
42502189,images/42502189.jpg,blue,printed,3 Piece - Printed Suit - 42502189,5190,Khaddar,Nishat,images_seg/42502189.png,title
42501966,images/42501966.jpg,green,printed,3 Piece - Printed Suit - 42501966,4790,Lawn,Nishat,images_seg/42501966.png,title
42501962,images/42501962.jpg,black,printed,3 Piece - Printed Suit - 42501962,4790,Lawn,Nishat,images_seg/42501962.png,title
42502175,images/42502175.jpg,blue,printed,2 Piece - Digital Printed Suit - 42502175,5690,Cambric,Nishat,images_seg/42502175.png,title
42502177,images/42502177.jpg,green,printed,2 Piece - Digital Printed Suit - 42502177,5690,Cambric,Nishat,images_seg/42502177.png,title
42502178,images/42502178.jpg,blue,printed,2 Piece - Digital Printed Suit - 42502178,5690,Cambric,Nishat,images_seg/42502178.png,title
42502195,images/42502195.jpg,red,printed,3 Piece - Printed Suit - 42502195,5990,Lawn,Nishat,images_seg/42502195.png,title
42502180,images/42502180.jpg,peach,printed,2 Piece - Digital Printed Suit - 42502180,6490,Cambric,Nishat,images_seg/42502180.png,title
42502183,images/42502183.jpg,black,printed,2 Piece - Digital Printed Suit - 42502183,6490,Cambric,Nishat,images_seg/42502183.png,title
42502191,images/42502191.jpg,rust,printed,3 Piece - Printed Suit - 42502191,5990,Lawn,Nishat,images_seg/42502191.png,title
42502196,images/42502196.jpg,green,printed,3 Piece - Printed Suit - 42502196,5990,Lawn,Nishat,images_seg/42502196.png,title
42502198,images/42502198.jpg,green,printed,3 Piece - Printed Suit - 42502198,5990,Lawn,Nishat,images_seg/42502198.png,title
42502199,images/42502199.jpg,pink,printed,3 Piece - Printed Suit - 42502199,5990,Lawn,Nishat,images_seg/42502199.png,title
42502200,images/42502200.jpg,beige,printed,3 Piece - Printed Suit - 42502200,5990,Lawn,Nishat,images_seg/42502200.png,title
42502201,images/42502201.jpg,yellow,printed,3 Piece - Printed Suit - 42502201,5990,Lawn,Nishat,images_seg/42502201.png,title
42502236,images/42502236.jpg,black,printed,3 Piece - Digital Printed Suit - 42502236,6490,Cambric,Nishat,images_seg/42502236.png,title
PMD25-01,images/PMD25-01.jpg,multi,embroidered,3 Piece - Embroidered Suit - PMD25-01 M,14990,Khaddar,Nishat,images_seg/PMD25-01.png,title
PMD25-11,images/PMD25-11.jpg,multi,embroidered,2 Piece - Embroidered Suit - PMD25-11 M,14990,Khaddar,Nishat,images_seg/PMD25-11.png,title
PMD25-17,images/PMD25-17.jpg,multi,embroidered,3 Piece - Embroidered Suit - PMD25-17 M,14990,Khaddar,Nishat,images_seg/PMD25-17.png,title
PMD25-19,images/PMD25-19.jpg,multi,embroidered,3 Piece - Embroidered Suit - PMD25-19 M,14990,Khaddar,Nishat,images_seg/PMD25-19.png,title
PMD25-17,images/PMD25-17.jpg,multi,embroidered,3 Piece - Embroidered Suit - PMD25-17 D,2495,Khaddar,Nishat,images_seg/PMD25-17.png,title
PFE25-03,images/PFE25-03.jpg,white,embroidered,3 Piece - Embroidered Suit - PFE25-03,15990,Cambric,Nishat,images_seg/PFE25-03.png,title
PE25-111,images/PE25-111.jpg,lilac,embroidered,2 Piece - Basic Suit - PE25-111,13990,Jacquard,Nishat,images_seg/PE25-111.png,clip
PE25-186,images/PE25-186.jpg,black,embroidered,3 Piece - Basic Suit - PE25-186,10990,Cambric,Nishat,images_seg/PE25-186.png,clip
PE25-348,images/PE25-348.jpg,black,embroidered,Embroidered Shirt - PE25-348,9990,Jacquard,Nishat,images_seg/PE25-348.png,title
PE25-371,images/PE25-371.jpg,pink,embroidered,3 Piece - Embroidered Suit - PE25-371,11990,Cambric,Nishat,images_seg/PE25-371.png,title
PE25-377,images/PE25-377.jpg,pink,embroidered,3 Piece - Printed Embroidered Suit - PE25-377,13990,Satin,Nishat,images_seg/PE25-377.png,title
PE25-378,images/PE25-378.jpg,orange,embroidered,3 Piece - Printed Embroidered Suit - PE25-378,12990,Satin,Nishat,images_seg/PE25-378.png,title
PE25-452,images/PE25-452.jpg,pink,embroidered,3 Piece - Printed Embroidered Suit - PE25-452,13990,Satin,Nishat,images_seg/PE25-452.png,title
PE25-455,images/PE25-455.jpg,yellow,embroidered,3 Piece - Embroidered Suit - PE25-455,12990,Cambric,Nishat,images_seg/PE25-455.png,title
PE25-471,images/PE25-471.jpg,purple,embroidered,2 Piece - Embroidered Suit - PE25-471,9990,Jacquard,Nishat,images_seg/PE25-471.png,title
PE25-472,images/PE25-472.jpg,white,embroidered,2 Piece - Printed Embroidered Suit - PE25-472,9990,Cambric,Nishat,images_seg/PE25-472.png,title
PE25-491,images/PE25-491.jpg,green,embroidered,2 Piece - Printed Embroidered Suit - PE25-491,11990,Jacquard,Nishat,images_seg/PE25-491.png,title
PE25-497,images/PE25-497.jpg,peach,embroidered,2 Piece - Printed Embroidered Suit - PE25-497,7990,Jacquard,Nishat,images_seg/PE25-497.png,title
PE25-498,images/PE25-498.jpg,green,printed,2 Piece - Printed Suit - PE25-498,9990,Lawn,Nishat,images_seg/PE25-498.png,title
PE25-502,images/PE25-502.jpg,orange,embroidered,3 Piece - Embroidered Suit - PE25-502,12990,Cambric,Nishat,images_seg/PE25-502.png,title
PE25-510,images/PE25-510.jpg,white,embroidered,Embroidered Tunic - PE25-510,4690,Cambric,Nishat,images_seg/PE25-510.png,title
PE25-521,images/PE25-521.jpg,white,embroidered,2 Piece - Printed Embroidered Suit - PE25-521,8990,Lawn,Nishat,images_seg/PE25-521.png,title
PFE25-06,images/PFE25-06.jpg,white,embroidered,2 Piece - Embroidered Suit - PFE25-06,13990,Cambric,Nishat,images_seg/PFE25-06.png,title
PFE25-07,images/PFE25-07.jpg,white,embroidered,2 Piece - Embroidered Suit - PFE25-07,12990,Cambric,Nishat,images_seg/PFE25-07.png,title
PFE25-11,images/PFE25-11.jpg,green,embroidered,2 Piece - Embroidered Suit - PFE25-11,11990,Cambric,Nishat,images_seg/PFE25-11.png,title
PFE25-45,images/PFE25-45.jpg,yellow,printed,3 Piece - Printed Suit - PFE25-45,12990,Silk,Nishat,images_seg/PFE25-45.png,title
PFE25-33,images/PFE25-33.jpg,black,embroidered,2 Piece - Embroidered Suit - PFE25-33,14490,Cambric,Nishat,images_seg/PFE25-33.png,title
PFE25-42,images/PFE25-42.jpg,blue,embroidered,3 Piece - Embroidered Suit - PFE25-42,15990,Cambric,Nishat,images_seg/PFE25-42.png,title
PFE25-53,images/PFE25-53.jpg,peach,embroidered,3 Piece - Embroidered Suit - PFE25-53,14990,Cotton,Nishat,images_seg/PFE25-53.png,title
PFE25-54,images/PFE25-54.jpg,purple,embroidered,3 Piece - Embroidered Suit - PFE25-54,23990,Cotton,Nishat,images_seg/PFE25-54.png,title
PFE25-40,images/PFE25-40.jpg,green,embroidered,3 Piece - Printed Embroidered Suit - PFE25-40,15990,Cambric,Nishat,images_seg/PFE25-40.png,title
PFE25-51,images/PFE25-51.jpg,blue,embroidered,3 Piece - Basic Suit - PFE25-51,20990,Raw Silk,Nishat,images_seg/PFE25-51.png,clip
PFE25-52,images/PFE25-52.jpg,black,embroidered,3 Piece - Basic Suit - PFE25-52,20990,Raw Silk,Nishat,images_seg/PFE25-52.png,clip
PS25-226,images/PS25-226.jpg,multi,printed,2 Piece - Printed Suit - PS25-226,4990,Cambric,Nishat,images_seg/PS25-226.png,title
PS25-261,images/PS25-261.jpg,yellow,embroidered,2 Piece - Basic Suit - PS25-261,8490,Cambric,Nishat,images_seg/PS25-261.png,clip
PS25-198,images/PS25-198.jpg,red,embroidered,Embroidered Tunic - PS25-198,4290,Cambric,Nishat,images_seg/PS25-198.png,title
PS25-128,images/PS25-128.jpg,white,embroidered,2 Piece - Embroidered Suit - PS25-128,9490,Cambric,Nishat,images_seg/PS25-128.png,title
PS25-190,images/PS25-190.jpg,lilac,embroidered,2 Piece - Embroidered Suit - PS25-190,10990,Cambric,Nishat,images_seg/PS25-190.png,title
PS25-131,images/PS25-131.jpg,blue,solid,3 Piece - Basic Suit - PS25-131,9990,Cambric,Nishat,images_seg/PS25-131.png,clip
PS25-135,images/PS25-135.jpg,black,jacquard,Basic Shalwar - PS25-135,1990,Cambric,Nishat,images_seg/PS25-135.png,clip
PS25-163,images/PS25-163.jpg,white,embroidered,Embroidered Trousers - PS25-163,2490,Cambric,Nishat,images_seg/PS25-163.png,title
PS25-73,images/PS25-73.jpg,black,embroidered,Embroidered Jacket - PS25-73,9990,Jacquard,Nishat,images_seg/PS25-73.png,title
PS25-199,images/PS25-199.jpg,orange,embroidered,2 Piece - Embroidered Suit - PS25-199,9990,Cambric,Nishat,images_seg/PS25-199.png,title
PS25-193,images/PS25-193.jpg,black,embroidered,2 Piece - Printed Embroidered Suit - PS25-193,8990,Lawn,Nishat,images_seg/PS25-193.png,title
AS25-72,images/AS25-72.jpg,white,embroidered,2 Piece - Basic Dress - AS25-72,9990,Cambric,Nishat,images_seg/AS25-72.png,clip
AS25-93,images/AS25-93.jpg,multi,embroidered,Printed Embroidered Tunic - AS25-93,3990,Khaddar,Nishat,images_seg/AS25-93.png,title
AS25-106,images/AS25-106.jpg,orange,embroidered,Basic Tunic - AS25-106,4490,Cotton,Nishat,images_seg/AS25-106.png,clip
AS25-123,images/AS25-123.jpg,white,printed,Printed Tunic - AS25-123,3490,Georgette,Nishat,images_seg/AS25-123.png,title
AS25-124,images/AS25-124.jpg,black,printed,Printed Tunic - AS25-124,2990,Khaddar,Nishat,images_seg/AS25-124.png,title
FS25-41,images/FS25-41.jpg,white,printed,Printed Dress - FS25-41,13990,Khaddar,Nishat,images_seg/FS25-41.png,title
PS25-212,images/PS25-212.jpg,rust,embroidered,3 Piece - Embroidered Suit - PS25-212,13990,Jacquard,Nishat,images_seg/PS25-212.png,title
PS25-271,images/PS25-271.jpg,brown,printed,Printed Kurta - PS25-271,4990,Khaddar,Nishat,images_seg/PS25-271.png,title
PS25-81,images/PS25-81.jpg,yellow,embroidered,2 Piece - Embroidered Suit - PS25-81,8490,Khaddar,Nishat,images_seg/PS25-81.png,title
PS25-263,images/PS25-263.jpg,red,solid,3 Piece - Basic Suit - PS25-263,11490,Jacquard,Nishat,images_seg/PS25-263.png,clip
PS25-208,images/PS25-208.jpg,pink,embroidered,3 Piece - Embroidered Suit - PS25-208,15990,Jacquard,Nishat,images_seg/PS25-208.png,title
PS25-98,images/PS25-98.jpg,green,embroidered,2 Piece - Basic Suit - PS25-98,8490,Jacquard,Nishat,images_seg/PS25-98.png,clip
PS25-254,images/PS25-254.jpg,maroon,embroidered,2 Piece - Embroidered Suit - PS25-254,13490,Khaddar,Nishat,images_seg/PS25-254.png,title
PS25-66,images/PS25-66.jpg,multi,embroidered,2 Piece - Embroidered Suit - PS25-66,8490,Khaddar,Nishat,images_seg/PS25-66.png,title
PS25-264,images/PS25-264.jpg,maroon,embroidered,Embroidered Shirt - PS25-264,5990,Cambric,Nishat,images_seg/PS25-264.png,title
PS25-272,images/PS25-272.jpg,black,embroidered,Embroidered Shirt - PS25-272,5990,Khaddar,Nishat,images_seg/PS25-272.png,title
PS25-80,images/PS25-80.jpg,grey,embroidered,3 Piece - Basic Suit - PS25-80,14990,Jacquard,Nishat,images_seg/PS25-80.png,clip
PS25-214,images/PS25-214.jpg,black,embroidered,3 Piece - Embroidered Suit - PS25-214,13990,Poly,Nishat,images_seg/PS25-214.png,title
PS25-211,images/PS25-211.jpg,grey,embroidered,2 Piece - Embroidered Suit - PS25-211,11990,Cambric,Nishat,images_seg/PS25-211.png,title
PS25-206,images/PS25-206.jpg,black,embroidered,2 Piece - Embroidered Suit - PS25-206,10890,Cambric,Nishat,images_seg/PS25-206.png,title
PS25-103,images/PS25-103.jpg,blue,embroidered,2 Piece - Basic Suit - PS25-103,8490,Jacquard,Nishat,images_seg/PS25-103.png,clip
PUS25-74,images/PUS25-74.jpg,yellow,embroidered,2 Piece - Embroidered Suit - PUS25-74,11990,Cambric,Nishat,images_seg/PUS25-74.png,title
PUS25-69,images/PUS25-69.jpg,green,embroidered,2 Piece - Embroidered Suit - PUS25-69,12990,Cambric,Nishat,images_seg/PUS25-69.png,title
PUS25-73,images/PUS25-73.jpg,black,embroidered,2 Piece - Embroidered Suit - PUS25-73,10990,Cambric,Nishat,images_seg/PUS25-73.png,title
PUS25-68,images/PUS25-68.jpg,brown,embroidered,2 Piece - Embroidered Suit - PUS25-68,11990,Cambric,Nishat,images_seg/PUS25-68.png,title
PUS25-75,images/PUS25-75.jpg,white,embroidered,2 Piece - Embroidered Suit - PUS25-75,11990,Cambric,Nishat,images_seg/PUS25-75.png,title
FS25-48,images/FS25-48.jpg,grey,printed,Printed Shirt - FS25-48,7990,Khaddar,Nishat,images_seg/FS25-48.png,title
FS25-57,images/FS25-57.jpg,rust,embroidered,2 Piece - Printed Embroidered Dress - FS25-57,11990,Raw Silk,Nishat,images_seg/FS25-57.png,title
FS25-66,images/FS25-66.jpg,beige,solid,Basic Shirt - FS25-66,16990,Khaddar,Nishat,images_seg/FS25-66.png,clip
FW25-01,images/FW25-01.jpg,blue,printed,2 Piece - Printed Suit - FW25-01,8990,Khaddar,Nishat,images_seg/FW25-01.png,title
FW25-04,images/FW25-04.jpg,beige,printed,2 Piece - Printed Suit - FW25-04,7990,Khaddar,Nishat,images_seg/FW25-04.png,title
FW25-17,images/FW25-17.jpg,yellow,embroidered,Embroidered Kaftan - FW25-17,12490,Khaddar,Nishat,images_seg/FW25-17.png,title
AS25-114,images/AS25-114.jpg,beige,printed,Printed Dress - AS25-114,5490,Khaddar,Nishat,images_seg/AS25-114.png,title
AS25-117,images/AS25-117.jpg,rust,embroidered,2 Piece - Embroidered Suit - AS25-117,6990,Cambric,Nishat,images_seg/AS25-117.png,title
AS25-122,images/AS25-122.jpg,blue,embroidered,Embroidered Dress - AS25-122,7490,Cotton,Nishat,images_seg/AS25-122.png,title
AS25-121,images/AS25-121.jpg,black,printed,2 Piece - Printed Suit - AS25-121,7990,Cambric,Nishat,images_seg/AS25-121.png,title
AS25-98,images/AS25-98.jpg,red,printed,Printed Dress - AS25-98,5990,Cambric,Nishat,images_seg/AS25-98.png,title
AS25-112,images/AS25-112.jpg,rust,embroidered,Embroidered Tunic - AS25-112,5990,Cambric,Nishat,images_seg/AS25-112.png,title
AW25-01,images/AW25-01.jpg,black,printed,Printed Tunic - AW25-01,4990,Khaddar,Nishat,images_seg/AW25-01.png,title
AW25-04,images/AW25-04.jpg,white,printed,Printed Tunic - AW25-04,4990,Khaddar,Nishat,images_seg/AW25-04.png,title
AW25-33,images/AW25-33.jpg,purple,printed,2 Piece - Printed Suit - AW25-33,8990,Khaddar,Nishat,images_seg/AW25-33.png,title
AW25-34,images/AW25-34.jpg,beige,printed,Printed Tunic - AW25-34,5990,Khaddar,Nishat,images_seg/AW25-34.png,title
AW25-23,images/AW25-23.jpg,yellow,solid,Basic Dress - AW25-23,6490,Khaddar,Nishat,images_seg/AW25-23.png,clip
AW25-29,images/AW25-29.jpg,pink,jacquard,2 Piece - Basic Suit - AW25-29,6990,Khaddar,Nishat,images_seg/AW25-29.png,clip
AW25-20,images/AW25-20.jpg,black,printed,Printed Dress - AW25-20,5990,Khaddar,Nishat,images_seg/AW25-20.png,title
AW25-24,images/AW25-24.jpg,yellow,embroidered,Embroidered Dress - AW25-24,6490,Khaddar,Nishat,images_seg/AW25-24.png,title
AW25-36,images/AW25-36.jpg,white,printed,Printed Tunic - AW25-36,5990,Khaddar,Nishat,images_seg/AW25-36.png,title
AW25-43,images/AW25-43.jpg,white,printed,2 Piece - Printed Suit - AW25-43,7990,Khaddar,Nishat,images_seg/AW25-43.png,title
FS25-58,images/FS25-58.jpg,beige,printed,Printed Dress - FS25-58,4990,Cotton,Nishat,images_seg/FS25-58.png,title
FW25-02,images/FW25-02.jpg,blue,printed,2 Piece - Printed Suit - FW25-02,14990,Khaddar,Nishat,images_seg/FW25-02.png,title
FW25-03,images/FW25-03.jpg,multi,printed,Printed Dress - FW25-03,6990,Khaddar,Nishat,images_seg/FW25-03.png,title
FW25-13,images/FW25-13.jpg,black,printed,2 Piece - Printed Suit - FW25-13,8490,Cotton,Nishat,images_seg/FW25-13.png,title
FW25-22,images/FW25-22.jpg,black,printed,2 Piece - Printed Suit - FW25-22,12990,Khaddar,Nishat,images_seg/FW25-22.png,title
FW25-26,images/FW25-26.jpg,white,printed,2 Piece - Printed Suit - FW25-26,7490,Silk,Nishat,images_seg/FW25-26.png,title
FW25-31,images/FW25-31.jpg,black,printed,Printed Dress - FW25-31,4990,Cotton,Nishat,images_seg/FW25-31.png,title
PW25-562,images/PW25-562.jpg,black,embroidered,Printed Embroidered Shirt - PW25-562,4990,Khaddar,Nishat,images_seg/PW25-562.png,title
PW25-563,images/PW25-563.jpg,maroon,embroidered,Printed Embroidered Shirt - PW25-563,4990,Khaddar,Nishat,images_seg/PW25-563.png,title
PW25-37,images/PW25-37.jpg,yellow,embroidered,Printed Embroidered Shirt - PW25-37,5490,Khaddar,Nishat,images_seg/PW25-37.png,title
PW25-564,images/PW25-564.jpg,black,embroidered,Embroidered Shirt - PW25-564,4490,Khaddar,Nishat,images_seg/PW25-564.png,title
PW25-03,images/PW25-03.jpg,multi,printed,Printed Shirt - PW25-03,3490,Khaddar,Nishat,images_seg/PW25-03.png,title
PW25-35,images/PW25-35.jpg,pink,embroidered,Embroidered Shirt - PW25-35,4490,Khaddar,Nishat,images_seg/PW25-35.png,title
PW25-57,images/PW25-57.jpg,white,embroidered,Printed Embroidered Shirt - PW25-57,4490,Khaddar,Nishat,images_seg/PW25-57.png,title
PW25-566,images/PW25-566.jpg,white,printed,Printed Shirt - PW25-566,4490,Khaddar,Nishat,images_seg/PW25-566.png,title
PW25-567,images/PW25-567.jpg,blue,printed,Printed Shirt - PW25-567,3490,Khaddar,Nishat,images_seg/PW25-567.png,title
PW25-67,images/PW25-67.jpg,yellow,embroidered,2 Piece - Printed Embroidered Suit - PW25-67,6990,Khaddar,Nishat,images_seg/PW25-67.png,title
PW25-13,images/PW25-13.jpg,green,embroidered,2 Piece - Printed Embroidered Suit - PW25-13,6490,Khaddar,Nishat,images_seg/PW25-13.png,title
PW25-45,images/PW25-45.jpg,red,printed,2 Piece - Printed Suit - PW25-45,6990,Cambric,Nishat,images_seg/PW25-45.png,title
PW25-50,images/PW25-50.jpg,black,printed,3 Piece - Basic Suit - PW25-50,9990,Cambric,Nishat,images_seg/PW25-50.png,clip
PW25-66,images/PW25-66.jpg,black,embroidered,2 Piece - Printed Embroidered Suit - PW25-66,5990,Cambric,Nishat,images_seg/PW25-66.png,title
PW25-47,images/PW25-47.jpg,black,printed,2 Piece - Printed Suit - PW25-47,4990,Cambric,Nishat,images_seg/PW25-47.png,title
PW25-18,images/PW25-18.jpg,green,printed,2 Piece - Printed Suit - PW25-18,5990,Cambric,Nishat,images_seg/PW25-18.png,title
PW25-02,images/PW25-02.jpg,black,embroidered,2 Piece - Printed Embroidered Suit - PW25-02,6490,Cambric,Nishat,images_seg/PW25-02.png,title
PW25-17,images/PW25-17.jpg,yellow,printed,2 Piece - Printed Suit - PW25-17,5990,Cambric,Nishat,images_seg/PW25-17.png,title
PW25-21,images/PW25-21.jpg,pink,printed,2 Piece - Printed Suit - PW25-21,4990,Cambric,Nishat,images_seg/PW25-21.png,title
PW25-19,images/PW25-19.jpg,white,printed,2 Piece - Printed Suit - PW25-19,5990,Cambric,Nishat,images_seg/PW25-19.png,title
PW25-199,images/PW25-199.jpg,beige,embroidered,2 Piece - Printed Embroidered Suit - PW25-199,5990,Cambric,Nishat,images_seg/PW25-199.png,title
PW25-200,images/PW25-200.jpg,white,printed,2 Piece - Printed Suit - PW25-200,5490,Cambric,Nishat,images_seg/PW25-200.png,title
PW25-201,images/PW25-201.jpg,grey,embroidered,2 Piece - Printed Embroidered Suit - PW25-201,6490,Cambric,Nishat,images_seg/PW25-201.png,title
PW25-40,images/PW25-40.jpg,black,embroidered,2 Piece - Printed Embroidered Suit - PW25-40,5990,Cambric,Nishat,images_seg/PW25-40.png,title
PW25-20,images/PW25-20.jpg,black,embroidered,2 Piece - Printed Embroidered Suit - PW25-20,5990,Cambric,Nishat,images_seg/PW25-20.png,title
PW25-58,images/PW25-58.jpg,white,embroidered,2 Piece - Printed Embroidered Suit - PW25-58,6990,Cambric,Nishat,images_seg/PW25-58.png,title
PW25-42,images/PW25-42.jpg,multi,printed,2 Piece - Printed Suit - PW25-42,5490,Khaddar,Nishat,images_seg/PW25-42.png,title
PW25-08,images/PW25-08.jpg,multi,printed,2 Piece - Printed Suit - PW25-08,5990,Cambric,Nishat,images_seg/PW25-08.png,title
PW25-24,images/PW25-24.jpg,beige,printed,2 Piece - Printed Suit - PW25-24,5990,Cambric,Nishat,images_seg/PW25-24.png,title
PW25-06,images/PW25-06.jpg,multi,printed,2 Piece - Printed Suit - PW25-06,5490,Khaddar,Nishat,images_seg/PW25-06.png,title
PW25-56,images/PW25-56.jpg,pink,embroidered,2 Piece - Printed Embroidered Suit - PW25-56,8990,Poly,Nishat,images_seg/PW25-56.png,title
PW25-404,images/PW25-404.jpg,black,embroidered,3 Piece - Embroidered Suit - PW25-404,16490,Raw Silk,Nishat,images_seg/PW25-404.png,title
PW25-405,images/PW25-405.jpg,peach,embroidered,3 Piece - Embroidered Suit - PW25-405,17990,Khaddar,Nishat,images_seg/PW25-405.png,title
PW25-73,images/PW25-73.jpg,black,printed,2 Piece - Printed Suit - PW25-73,7490,Poly,Nishat,images_seg/PW25-73.png,title
PW25-74,images/PW25-74.jpg,maroon,embroidered,2 Piece - Printed Embroidered Suit - PW25-74,9990,Khaddar,Nishat,images_seg/PW25-74.png,title
PW25-41,images/PW25-41.jpg,red,solid,Basic Shirt - PW25-41,3990,Khaddar,Nishat,images_seg/PW25-41.png,clip
PW25-75,images/PW25-75.jpg,maroon,embroidered,2 Piece - Basic Suit - PW25-75,7990,Khaddar,Nishat,images_seg/PW25-75.png,clip
PW25-408,images/PW25-408.jpg,blue,embroidered,3 Piece - Printed Embroidered Suit - PW25-408,9990,Poly,Nishat,images_seg/PW25-408.png,title
PW25-43,images/PW25-43.jpg,green,printed,3 Piece - Printed Suit - PW25-43,9490,Poly,Nishat,images_seg/PW25-43.png,title
PW25-30,images/PW25-30.jpg,green,embroidered,3 Piece - Embroidered Suit - PW25-30,11990,Cotton,Nishat,images_seg/PW25-30.png,title
PW25-27,images/PW25-27.jpg,blue,embroidered,3 Piece - Basic Suit - PW25-27,11490,Cotton,Nishat,images_seg/PW25-27.png,clip
PW25-411,images/PW25-411.jpg,black,embroidered,3 Piece - Embroidered Suit - PW25-411,12990,Cotton,Nishat,images_seg/PW25-411.png,title
PW25-15,images/PW25-15.jpg,peach,solid,3 Piece - Basic Suit - PW25-15,8990,Cotton,Nishat,images_seg/PW25-15.png,clip
PW25-61,images/PW25-61.jpg,white,printed,2 Piece - Basic Suit - PW25-61,12990,Khaddar,Nishat,images_seg/PW25-61.png,clip
PW25-69,images/PW25-69.jpg,black,printed,2 Piece - Printed Suit - PW25-69,14990,Khaddar,Nishat,images_seg/PW25-69.png,title
PW25-60,images/PW25-60.jpg,black,printed,2 Piece - Printed Suit - PW25-60,12990,Khaddar,Nishat,images_seg/PW25-60.png,title
PW25-62,images/PW25-62.jpg,white,printed,2 Piece - Printed Suit - PW25-62,10990,Khaddar,Nishat,images_seg/PW25-62.png,title
PW25-59,images/PW25-59.jpg,white,printed,2 Piece - Printed Suit - PW25-59,11990,Khaddar,Nishat,images_seg/PW25-59.png,title
PW25-203,images/PW25-203.jpg,beige,solid,2 Piece - Basic Suit - PW25-203,10990,Khaddar,Nishat,images_seg/PW25-203.png,clip
PW25-204,images/PW25-204.jpg,black,solid,2 Piece - Basic Suit - PW25-204,12990,Khaddar,Nishat,images_seg/PW25-204.png,clip
PW25-51,images/PW25-51.jpg,white,printed,2 Piece - Printed Suit - PW25-51,8990,Khaddar,Nishat,images_seg/PW25-51.png,title
PW25-53,images/PW25-53.jpg,beige,printed,2 Piece - Printed Suit - PW25-53,8490,Khaddar,Nishat,images_seg/PW25-53.png,title
PW25-209,images/PW25-209.jpg,black,embroidered,2 Piece - Printed Embroidered Suit - PW25-209,9990,Khaddar,Nishat,images_seg/PW25-209.png,title
PW25-36,images/PW25-36.jpg,lilac,embroidered,2 Piece - Embroidered Suit - PW25-36,9990,Khaddar,Nishat,images_seg/PW25-36.png,title
PW25-213,images/PW25-213.jpg,peach,embroidered,2 Piece - Embroidered Suit - PW25-213,8490,Khaddar,Nishat,images_seg/PW25-213.png,title
PW25-54,images/PW25-54.jpg,grey,embroidered,2 Piece - Embroidered Suit - PW25-54,8990,Khaddar,Nishat,images_seg/PW25-54.png,title
PW25-31,images/PW25-31.jpg,green,embroidered,2 Piece - Embroidered Suit - PW25-31,8490,Cambric,Nishat,images_seg/PW25-31.png,title
PW25-413,images/PW25-413.jpg,maroon,embroidered,3 Piece - Embroidered Suit - PW25-413,11990,Cotton,Nishat,images_seg/PW25-413.png,title
PW25-415,images/PW25-415.jpg,beige,embroidered,3 Piece - Embroidered Suit - PW25-415,13490,Cambric,Nishat,images_seg/PW25-415.png,title
PW25-416,images/PW25-416.jpg,pink,embroidered,3 Piece - Embroidered Suit - PW25-416,11990,Cambric,Nishat,images_seg/PW25-416.png,title
PW25-417,images/PW25-417.jpg,blue,embroidered,3 Piece - Embroidered Suit - PW25-417,12490,Cambric,Nishat,images_seg/PW25-417.png,title
PW25-64,images/PW25-64.jpg,maroon,embroidered,3 Piece - Embroidered Suit - PW25-64,10990,Cambric,Nishat,images_seg/PW25-64.png,title
PW25-418,images/PW25-418.jpg,peach,embroidered,3 Piece - Printed Embroidered Suit - PW25-418,12990,Cambric,Nishat,images_seg/PW25-418.png,title
PW25-569,images/PW25-569.jpg,white,embroidered,Printed Embroidered Shirt - PW25-569,4990,Karandi,Nishat,images_seg/PW25-569.png,title
PW25-572,images/PW25-572.jpg,white,printed,Basic Shirt - PW25-572,3790,Karandi,Nishat,images_seg/PW25-572.png,clip
PW25-573,images/PW25-573.jpg,green,printed,Printed Shirt - PW25-573,4490,Karandi,Nishat,images_seg/PW25-573.png,title
PW25-216,images/PW25-216.jpg,white,embroidered,2 Piece - Embroidered Suit - PW25-216,6490,Karandi,Nishat,images_seg/PW25-216.png,title
PW25-218,images/PW25-218.jpg,rust,embroidered,2 Piece - Embroidered Suit - PW25-218,8990,Khaddar,Nishat,images_seg/PW25-218.png,title
PW25-219,images/PW25-219.jpg,blue,embroidered,2 Piece - Embroidered Suit - PW25-219,7490,Khaddar,Nishat,images_seg/PW25-219.png,title
PW25-222,images/PW25-222.jpg,blue,embroidered,2 Piece - Embroidered Suit - PW25-222,8990,Khaddar,Nishat,images_seg/PW25-222.png,title
PW25-82,images/PW25-82.jpg,yellow,printed,2 Piece - Printed Suit - PW25-82,9990,Khaddar,Nishat,images_seg/PW25-82.png,title
PW25-223,images/PW25-223.jpg,multi,embroidered,2 Piece - Printed Embroidered Suit - PW25-223,5990,Khaddar,Nishat,images_seg/PW25-223.png,title
PW25-70,images/PW25-70.jpg,black,printed,2 Piece - Printed Suit - PW25-70,6490,Khaddar,Nishat,images_seg/PW25-70.png,title
PW25-224,images/PW25-224.jpg,beige,embroidered,2 Piece - Embroidered Suit - PW25-224,6990,Khaddar,Nishat,images_seg/PW25-224.png,title
PW25-226,images/PW25-226.jpg,pink,embroidered,2 Piece - Printed Embroidered Suit - PW25-226,6490,Khaddar,Nishat,images_seg/PW25-226.png,title
PW25-227,images/PW25-227.jpg,grey,embroidered,2 Piece - Printed Embroidered Suit - PW25-227,7490,Khaddar,Nishat,images_seg/PW25-227.png,title
PW25-229,images/PW25-229.jpg,black,printed,2 Piece - Basic Suit - PW25-229,5490,Karandi,Nishat,images_seg/PW25-229.png,clip
PW25-230,images/PW25-230.jpg,yellow,printed,2 Piece - Printed Suit - PW25-230,5490,Karandi,Nishat,images_seg/PW25-230.png,title
PW25-231,images/PW25-231.jpg,white,printed,2 Piece - Printed Suit - PW25-231,5490,Karandi,Nishat,images_seg/PW25-231.png,title
PW25-232,images/PW25-232.jpg,green,printed,2 Piece - Printed Suit - PW25-232,5490,Karandi,Nishat,images_seg/PW25-232.png,title
PW25-234,images/PW25-234.jpg,brown,printed,2 Piece - Printed Suit - PW25-234,5490,Cambric,Nishat,images_seg/PW25-234.png,title
PW25-235,images/PW25-235.jpg,multi,printed,2 Piece - Basic Suit - PW25-235,5490,Karandi,Nishat,images_seg/PW25-235.png,clip
PW25-240,images/PW25-240.jpg,brown,embroidered,2 Piece - Embroidered Suit - PW25-240,6990,Cotton,Nishat,images_seg/PW25-240.png,title
PW25-241,images/PW25-241.jpg,yellow,embroidered,2 Piece - Embroidered Suit - PW25-241,6490,Cotton,Nishat,images_seg/PW25-241.png,title
PW25-247,images/PW25-247.jpg,rust,solid,2 Piece - Basic Suit - PW25-247,5490,Raw Silk,Nishat,images_seg/PW25-247.png,clip
PW25-252,images/PW25-252.jpg,red,solid,2 Piece - Basic Suit - PW25-252,5490,Raw Silk,Nishat,images_seg/PW25-252.png,clip
PW25-253,images/PW25-253.jpg,peach,solid,2 Piece - Basic Suit - PW25-253,4990,Raw Silk,Nishat,images_seg/PW25-253.png,clip
PW25-255,images/PW25-255.jpg,blue,solid,2 Piece - Basic Suit - PW25-255,5490,Raw Silk,Nishat,images_seg/PW25-255.png,clip
PW25-577,images/PW25-577.jpg,yellow,embroidered,2 Piece - Embroidered Suit - PW25-577,12990,Khaddar,Nishat,images_seg/PW25-577.png,title
PW25-445,images/PW25-445.jpg,maroon,embroidered,3 Piece - Embroidered Suit - PW25-445,15990,Karandi,Nishat,images_seg/PW25-445.png,title
PW25-579,images/PW25-579.jpg,green,embroidered,Printed Embroidered Shirt - PW25-579,6490,Karandi,Nishat,images_seg/PW25-579.png,title
PW25-582,images/PW25-582.jpg,blue,embroidered,Embroidered Shirt - PW25-582,5990,Silk,Nishat,images_seg/PW25-582.png,title
PW25-583,images/PW25-583.jpg,pink,printed,Printed Kurta - PW25-583,4490,Karandi,Nishat,images_seg/PW25-583.png,title
PW25-584,images/PW25-584.jpg,beige,printed,Printed Shirt - PW25-584,3990,Khaddar,Nishat,images_seg/PW25-584.png,title
PW25-585,images/PW25-585.jpg,rust,solid,Basic Shirt - PW25-585,4990,Khaddar,Nishat,images_seg/PW25-585.png,clip
PW25-586,images/PW25-586.jpg,pink,solid,Basic Shirt - PW25-586,4990,Khaddar,Nishat,images_seg/PW25-586.png,clip
PW25-268,images/PW25-268.jpg,peach,embroidered,2 Piece - Embroidered Suit - PW25-268,8490,Khaddar,Nishat,images_seg/PW25-268.png,title
PW25-273,images/PW25-273.jpg,green,embroidered,2 Piece - Printed Embroidered Suit - PW25-273,12990,Khaddar,Nishat,images_seg/PW25-273.png,title
PW25-276,images/PW25-276.jpg,maroon,embroidered,2 Piece - Basic Suit - PW25-276,10990,Khaddar,Nishat,images_seg/PW25-276.png,clip
PW25-95,images/PW25-95.jpg,beige,printed,2 Piece - Printed Suit - PW25-95,8990,Karandi,Nishat,images_seg/PW25-95.png,title
PW25-452,images/PW25-452.jpg,blue,embroidered,3 Piece - Embroidered Suit - PW25-452,11990,Karandi,Nishat,images_seg/PW25-452.png,title
PW25-282,images/PW25-282.jpg,beige,printed,2 Piece - Printed Suit - PW25-282,7990,Khaddar,Nishat,images_seg/PW25-282.png,title
PW25-283,images/PW25-283.jpg,beige,printed,2 Piece - Printed Suit - PW25-283,9990,Khaddar,Nishat,images_seg/PW25-283.png,title
PW25-465,images/PW25-465.jpg,green,printed,3 Piece - Basic Suit - PW25-465,11990,Karandi,Nishat,images_seg/PW25-465.png,clip
PW25-466,images/PW25-466.jpg,beige,printed,3 Piece - Printed Suit - PW25-466,11990,Karandi,Nishat,images_seg/PW25-466.png,title
PW25-467,images/PW25-467.jpg,black,printed,3 Piece - Printed Suit - PW25-467,12990,Karandi,Nishat,images_seg/PW25-467.png,title
PW25-286,images/PW25-286.jpg,black,embroidered,2 Piece - Embroidered Suit - PW25-286,7490,Khaddar,Nishat,images_seg/PW25-286.png,title
PW25-296,images/PW25-296.jpg,orange,embroidered,2 Piece - Embroidered Suit - PW25-296,5990,Cotton,Nishat,images_seg/PW25-296.png,title
PW25-299,images/PW25-299.jpg,lilac,embroidered,2 Piece - Embroidered Suit - PW25-299,6490,Cotton,Nishat,images_seg/PW25-299.png,title
PW25-300,images/PW25-300.jpg,green,embroidered,2 Piece - Embroidered Suit - PW25-300,6490,Cotton,Nishat,images_seg/PW25-300.png,title
PW25-301,images/PW25-301.jpg,rust,embroidered,2 Piece - Embroidered Suit - PW25-301,6990,Cotton,Nishat,images_seg/PW25-301.png,title
PW25-302,images/PW25-302.jpg,black,printed,2 Piece - Printed Suit - PW25-302,5490,Karandi,Nishat,images_seg/PW25-302.png,title
PW25-306,images/PW25-306.jpg,multi,printed,2 Piece - Printed Suit - PW25-306,5490,Karandi,Nishat,images_seg/PW25-306.png,title
PW25-308,images/PW25-308.jpg,black,printed,2 Piece - Printed Suit - PW25-308,5490,Karandi,Nishat,images_seg/PW25-308.png,title
PW25-309,images/PW25-309.jpg,blue,printed,2 Piece - Basic Suit - PW25-309,5490,Karandi,Nishat,images_seg/PW25-309.png,clip
PW25-314,images/PW25-314.jpg,pink,solid,2 Piece - Basic Suit - PW25-314,4990,Raw Silk,Nishat,images_seg/PW25-314.png,clip
PW25-557,images/PW25-557.jpg,black,printed,Printed Jacket - PW25-557,5490,Karandi,Nishat,images_seg/PW25-557.png,title
PW25-559,images/PW25-559.jpg,maroon,printed,Printed Jacket - PW25-559,5490,Karandi,Nishat,images_seg/PW25-559.png,title
PW25-100,images/PW25-100.jpg,black,embroidered,Embroidered Trousers - PW25-100,2990,Cambric,Nishat,images_seg/PW25-100.png,title
PW25-101,images/PW25-101.jpg,black,embroidered,Embroidered Trousers - PW25-101,2990,Cambric,Nishat,images_seg/PW25-101.png,title
PW25-109,images/PW25-109.jpg,black,embroidered,Basic Trousers - PW25-109,1990,Cambric,Nishat,images_seg/PW25-109.png,clip
PW25-110,images/PW25-110.jpg,black,jacquard,Basic Shalwar - PW25-110,2990,Cambric,Nishat,images_seg/PW25-110.png,clip
PW25-106,images/PW25-106.jpg,white,embroidered,Embroidered Trousers - PW25-106,2990,Cambric,Nishat,images_seg/PW25-106.png,title
PW25-113,images/PW25-113.jpg,white,embroidered,Embroidered Pants - PW25-113,2990,Cambric,Nishat,images_seg/PW25-113.png,title
PW25-105,images/PW25-105.jpg,white,embroidered,Embroidered Trousers - PW25-105,2990,Cambric,Nishat,images_seg/PW25-105.png,title
PW25-111,images/PW25-111.jpg,white,jacquard,Basic Trousers - PW25-111,3490,Cambric,Nishat,images_seg/PW25-111.png,clip
PW25-107,images/PW25-107.jpg,white,jacquard,Basic Trousers - PW25-107,2490,Cambric,Nishat,images_seg/PW25-107.png,clip
PW25-137,images/PW25-137.jpg,white,jacquard,Basic Shalwar - PW25-137,3490,Cambric,Nishat,images_seg/PW25-137.png,clip
PW25-104,images/PW25-104.jpg,beige,embroidered,Embroidered Trousers - PW25-104,2990,Cambric,Nishat,images_seg/PW25-104.png,title
PW25-138,images/PW25-138.jpg,beige,embroidered,Embroidered Trousers - PW25-138,2490,Cambric,Nishat,images_seg/PW25-138.png,title
PW25-102,images/PW25-102.jpg,beige,solid,Basic Shalwar - PW25-102,3490,Cambric,Nishat,images_seg/PW25-102.png,clip
PW25-103,images/PW25-103.jpg,white,embroidered,Embroidered Trousers - PW25-103,2990,Cambric,Nishat,images_seg/PW25-103.png,title
PW25-112,images/PW25-112.jpg,white,embroidered,Embroidered Trousers - PW25-112,2990,Cambric,Nishat,images_seg/PW25-112.png,title
PW25-136,images/PW25-136.jpg,white,embroidered,Basic Shalwar - PW25-136,2990,Cambric,Nishat,images_seg/PW25-136.png,clip
PW25-134,images/PW25-134.jpg,white,embroidered,Basic Trousers - PW25-134,3490,Cambric,Nishat,images_seg/PW25-134.png,clip
PW25-135,images/PW25-135.jpg,white,embroidered,Basic Trousers - PW25-135,1990,Cambric,Nishat,images_seg/PW25-135.png,clip
PW25-140,images/PW25-140.jpg,black,embroidered,Embroidered Pants - PW25-140,2790,Karandi,Nishat,images_seg/PW25-140.png,title
PW25-132,images/PW25-132.jpg,black,embroidered,Embroidered Shalwar - PW25-132,3990,Karandi,Nishat,images_seg/PW25-132.png,title
PW25-130,images/PW25-130.jpg,black,embroidered,Embroidered Trousers - PW25-130,3490,Karandi,Nishat,images_seg/PW25-130.png,title
PW25-141,images/PW25-141.jpg,black,embroidered,Embroidered Trousers - PW25-141,2790,Karandi,Nishat,images_seg/PW25-141.png,title
PW25-131,images/PW25-131.jpg,black,jacquard,Basic Shalwar - PW25-131,2990,Karandi,Nishat,images_seg/PW25-131.png,clip
PW25-124,images/PW25-124.jpg,black,jacquard,Basic Trousers - PW25-124,2790,Karandi,Nishat,images_seg/PW25-124.png,clip
PW25-118,images/PW25-118.jpg,white,embroidered,Embroidered Trousers - PW25-118,3790,Karandi,Nishat,images_seg/PW25-118.png,title
PW25-133,images/PW25-133.jpg,white,embroidered,Embroidered Trousers - PW25-133,3490,Karandi,Nishat,images_seg/PW25-133.png,title
PW25-143,images/PW25-143.jpg,white,embroidered,Embroidered Trousers - PW25-143,2790,Karandi,Nishat,images_seg/PW25-143.png,title
PW25-144,images/PW25-144.jpg,white,jacquard,Basic Trousers - PW25-144,2290,Karandi,Nishat,images_seg/PW25-144.png,clip
PW25-145,images/PW25-145.jpg,beige,embroidered,Embroidered Trousers - PW25-145,3290,Karandi,Nishat,images_seg/PW25-145.png,title
PW25-129,images/PW25-129.jpg,beige,jacquard,Basic Trousers - PW25-129,2990,Karandi,Nishat,images_seg/PW25-129.png,clip
PW25-122,images/PW25-122.jpg,beige,jacquard,Basic Shalwar - PW25-122,2990,Karandi,Nishat,images_seg/PW25-122.png,clip
PW25-148,images/PW25-148.jpg,beige,solid,Basic Trousers - PW25-148,2790,Karandi,Nishat,images_seg/PW25-148.png,clip
PW25-128,images/PW25-128.jpg,beige,solid,Basic Shalwar - PW25-128,3490,Karandi,Nishat,images_seg/PW25-128.png,clip
PW25-116,images/PW25-116.jpg,white,embroidered,Embroidered Trousers - PW25-116,3790,Karandi,Nishat,images_seg/PW25-116.png,title
PW25-149,images/PW25-149.jpg,white,embroidered,Embroidered Trousers - PW25-149,3290,Karandi,Nishat,images_seg/PW25-149.png,title
PW25-115,images/PW25-115.jpg,white,jacquard,Basic Shalwar - PW25-115,3990,Cambric,Nishat,images_seg/PW25-115.png,clip
PW25-150,images/PW25-150.jpg,white,embroidered,Basic Shalwar - PW25-150,3490,Karandi,Nishat,images_seg/PW25-150.png,clip
PW25-167,images/PW25-167.jpg,black,jacquard,Basic Trousers - PW25-167,2990,Cambric,Nishat,images_seg/PW25-167.png,clip
PW25-168,images/PW25-168.jpg,white,embroidered,Embroidered Trousers - PW25-168,3990,Cambric,Nishat,images_seg/PW25-168.png,title
PW25-171,images/PW25-171.jpg,white,jacquard,Basic Shalwar - PW25-171,3490,Cambric,Nishat,images_seg/PW25-171.png,clip
PW25-172,images/PW25-172.jpg,beige,embroidered,Embroidered Shalwar - PW25-172,4490,Cambric,Nishat,images_seg/PW25-172.png,title
PW25-119,images/PW25-119.jpg,white,solid,Basic Trousers - PW25-119,3490,Cambric,Nishat,images_seg/PW25-119.png,clip
PW25-210,images/PW25-210.jpg,purple,embroidered,2 Piece - Embroidered Suit - PW25-210,8490,Khaddar,Nishat,images_seg/PW25-210.png,title
PW25-236,images/PW25-236.jpg,maroon,solid,2 Piece - Basic Suit - PW25-236,5490,Cotton,Nishat,images_seg/PW25-236.png,clip
PW25-208,images/PW25-208.jpg,yellow,embroidered,2 Piece - Embroidered Suit - PW25-208,8490,Khaddar,Nishat,images_seg/PW25-208.png,title
PW25-269,images/PW25-269.jpg,green,embroidered,2 Piece - Embroidered Suit - PW25-269,9490,Khaddar,Nishat,images_seg/PW25-269.png,title
PW25-237,images/PW25-237.jpg,purple,embroidered,2 Piece - Embroidered Suit - PW25-237,7990,Cotton,Nishat,images_seg/PW25-237.png,title
PW25-39,images/PW25-39.jpg,blue,embroidered,2 Piece - Embroidered Suit - PW25-39,6990,Cambric,Nishat,images_seg/PW25-39.png,title
PW25-333,images/PW25-333.jpg,beige,printed,2 Piece - Printed Suit - PW25-333,11990,Khaddar,Nishat,images_seg/PW25-333.png,title
PW25-304,images/PW25-304.jpg,white,printed,2 Piece - Printed Suit - PW25-304,5490,Karandi,Nishat,images_seg/PW25-304.png,title
PW25-307,images/PW25-307.jpg,blue,printed,2 Piece - Printed Suit - PW25-307,5490,Karandi,Nishat,images_seg/PW25-307.png,title
PW25-63,images/PW25-63.jpg,brown,embroidered,3 Piece - Embroidered Suit - PW25-63,11990,Cambric,Nishat,images_seg/PW25-63.png,title
PW25-152,images/PW25-152.jpg,black,embroidered,Embroidered Trousers - PW25-152,3490,Karandi,Nishat,images_seg/PW25-152.png,title
PW25-581,images/PW25-581.jpg,black,embroidered,Embroidered Shirt - PW25-581,7490,Silk,Nishat,images_seg/PW25-581.png,title
PW25-126,images/PW25-126.jpg,black,embroidered,Embroidered Trousers - PW25-126,2990,Karandi,Nishat,images_seg/PW25-126.png,title
PW25-551,images/PW25-551.jpg,white,embroidered,Embroidered Jacket - PW25-551,10990,Karandi,Nishat,images_seg/PW25-551.png,title
440480107,images/440480107.jpg,multi,solid,Off White Women Pant-440480107,5990,Khaddar,Nishat,images_seg/440480107.png,clip
PW25-89,images/PW25-89.jpg,green,embroidered,3 Piece - Embroidered Suit - PW25-89,16490,Karandi,Nishat,images_seg/PW25-89.png,title
PW25-399,images/PW25-399.jpg,beige,printed,3 Piece - Printed Suit - PW25-399,11990,Cambric,Nishat,images_seg/PW25-399.png,title
PW25-332,images/PW25-332.jpg,black,printed,2 Piece - Printed Suit - PW25-332,11990,Khaddar,Nishat,images_seg/PW25-332.png,title
PW25-438,images/PW25-438.jpg,green,embroidered,3 Piece - Embroidered Suit - PW25-438,19990,Karandi,Nishat,images_seg/PW25-438.png,title
PW25-04,images/PW25-04.jpg,black,printed,2 Piece - Printed Suit - PW25-04,5490,Cambric,Nishat,images_seg/PW25-04.png,title
PFE25-56,images/PFE25-56.jpg,grey,embroidered,3 Piece - Embroidered Suit - PFE25-56,23990,Cotton,Nishat,images_seg/PFE25-56.png,title
FS25-46,images/FS25-46.jpg,blue,printed,Printed Dress - FS25-46,7490,Khaddar,Nishat,images_seg/FS25-46.png,title
FS25-47,images/FS25-47.jpg,rust,printed,Printed Dress - FS25-47,6990,Khaddar,Nishat,images_seg/FS25-47.png,title
FS25-51,images/FS25-51.jpg,green,printed,Printed Shirt - FS25-51,7990,Khaddar,Nishat,images_seg/FS25-51.png,title
AS25-105,images/AS25-105.jpg,yellow,embroidered,Embroidered Tunic - AS25-105,3490,Georgette,Nishat,images_seg/AS25-105.png,title
AS25-118,images/AS25-118.jpg,black,printed,Printed Jacket - AS25-118,5290,Khaddar,Nishat,images_seg/AS25-118.png,title
AS25-119,images/AS25-119.jpg,beige,printed,Printed Jacket - AS25-119,5290,Khaddar,Nishat,images_seg/AS25-119.png,title
AS25-110,images/AS25-110.jpg,blue,solid,2 Piece - Basic Suit - AS25-110,6990,Georgette,Nishat,images_seg/AS25-110.png,clip
AS25-120,images/AS25-120.jpg,beige,printed,2 Piece - Printed Suit - AS25-120,6490,Cambric,Nishat,images_seg/AS25-120.png,title
AS25-103,images/AS25-103.jpg,multi,printed,Printed Tunic - AS25-103,5490,Khaddar,Nishat,images_seg/AS25-103.png,title
AW25-03,images/AW25-03.jpg,multi,printed,Printed Tunic - AW25-03,3990,Khaddar,Nishat,images_seg/AW25-03.png,title
AW25-39,images/AW25-39.jpg,blue,printed,2 Piece - Printed Suit - AW25-39,9490,Khaddar,Nishat,images_seg/AW25-39.png,title
AW25-40,images/AW25-40.jpg,white,printed,2 Piece - Printed Suit - AW25-40,7490,Khaddar,Nishat,images_seg/AW25-40.png,title
FW25-10,images/FW25-10.jpg,maroon,embroidered,Basic Dress - FW25-10,10990,Raw Silk,Nishat,images_seg/FW25-10.png,clip
FW25-40,images/FW25-40.jpg,purple,embroidered,Embroidered Shirt - FW25-40,14990,Khaddar,Nishat,images_seg/FW25-40.png,title
PW25-34,images/PW25-34.jpg,multi,embroidered,2 Piece - Printed Embroidered Suit - PW25-34,6490,Khaddar,Nishat,images_seg/PW25-34.png,title
PW25-400,images/PW25-400.jpg,green,embroidered,3 Piece - Embroidered Suit - PW25-400,17990,Raw Silk,Nishat,images_seg/PW25-400.png,title
PW25-419,images/PW25-419.jpg,green,embroidered,3 Piece - Printed Embroidered Suit - PW25-419,12990,Cambric,Nishat,images_seg/PW25-419.png,title
PW25-248,images/PW25-248.jpg,black,solid,2 Piece - Basic Suit - PW25-248,4990,Raw Silk,Nishat,images_seg/PW25-248.png,clip
PW25-265,images/PW25-265.jpg,black,embroidered,3 Piece - Embroidered Suit - PW25-265,14990,Khaddar,Nishat,images_seg/PW25-265.png,title
PW25-447,images/PW25-447.jpg,green,embroidered,3 Piece - Embroidered Suit - PW25-447,19990,Karandi,Nishat,images_seg/PW25-447.png,title
PW25-313,images/PW25-313.jpg,multi,embroidered,2 Piece - Basic Suit - PW25-313,5490,Khaddar,Nishat,images_seg/PW25-313.png,clip
PW25-315,images/PW25-315.jpg,pink,solid,2 Piece - Basic Suit - PW25-315,4990,Raw Silk,Nishat,images_seg/PW25-315.png,clip
PW25-317,images/PW25-317.jpg,green,solid,2 Piece - Basic Suit - PW25-317,5490,Raw Silk,Nishat,images_seg/PW25-317.png,clip
PW25-495,images/PW25-495.jpg,pink,printed,3 Piece - Printed Suit - PW25-495,12990,Karandi,Nishat,images_seg/PW25-495.png,title
PW25-211,images/PW25-211.jpg,beige,embroidered,2 Piece - Embroidered Suit - PW25-211,9990,Khaddar,Nishat,images_seg/PW25-211.png,title
PW25-239,images/PW25-239.jpg,rust,embroidered,2 Piece - Embroidered Suit - PW25-239,6990,Cotton,Nishat,images_seg/PW25-239.png,title
PW25-87,images/PW25-87.jpg,black,embroidered,3 Piece - Embroidered Suit - PW25-87,19990,Karandi,Nishat,images_seg/PW25-87.png,title
PW25-434,images/PW25-434.jpg,blue,embroidered,3 Piece - Embroidered Suit - PW25-434,14990,Karandi,Nishat,images_seg/PW25-434.png,title
PW25-271,images/PW25-271.jpg,white,embroidered,2 Piece - Embroidered Suit - PW25-271,10990,Khaddar,Nishat,images_seg/PW25-271.png,title
PW25-92,images/PW25-92.jpg,yellow,embroidered,2 Piece - Embroidered Suit - PW25-92,17990,Jacquard,Nishat,images_seg/PW25-92.png,title
PW25-512,images/PW25-512.jpg,white,embroidered,2 Piece - Basic Suit - PW25-512,8490,Cambric,Nishat,images_seg/PW25-512.png,clip
AS25-104,images/AS25-104.jpg,multi,printed,Printed Tunic - AS25-104,6490,Khaddar,Nishat,images_seg/AS25-104.png,title
AW25-09,images/AW25-09.jpg,green,embroidered,2 Piece - Embroidered Suit - AW25-09,8990,Cotton,Nishat,images_seg/AW25-09.png,title
AW25-14,images/AW25-14.jpg,white,embroidered,Embroidered Tunic - AW25-14,6490,Cotton,Nishat,images_seg/AW25-14.png,title
AW25-10,images/AW25-10.jpg,black,embroidered,2 Piece - Embroidered Suit - AW25-10,10990,Cotton,Nishat,images_seg/AW25-10.png,title
AW25-15,images/AW25-15.jpg,beige,solid,Basic Dress - AW25-15,3990,Khaddar,Nishat,images_seg/AW25-15.png,clip
AW25-02,images/AW25-02.jpg,black,printed,Printed Tunic - AW25-02,5490,Khaddar,Nishat,images_seg/AW25-02.png,title
AW25-07,images/AW25-07.jpg,multi,embroidered,2 Piece - Embroidered Suit - AW25-07,6990,Khaddar,Nishat,images_seg/AW25-07.png,title
AW25-21,images/AW25-21.jpg,multi,embroidered,Embroidered Tunic - AW25-21,4490,Khaddar,Nishat,images_seg/AW25-21.png,title
AW25-25,images/AW25-25.jpg,multi,printed,2 Piece - Printed Suit - AW25-25,7990,Khaddar,Nishat,images_seg/AW25-25.png,title
AW25-27,images/AW25-27.jpg,multi,embroidered,2 Piece - Embroidered Suit - AW25-27,7490,Khaddar,Nishat,images_seg/AW25-27.png,title
AW25-53,images/AW25-53.jpg,multi,printed,2 Piece - Printed Suit - AW25-53,7490,Khaddar,Nishat,images_seg/AW25-53.png,title
AW25-54,images/AW25-54.jpg,multi,printed,Printed Tunic - AW25-54,5490,Khaddar,Nishat,images_seg/AW25-54.png,title
AW25-55,images/AW25-55.jpg,multi,printed,Printed Tunic - AW25-55,5990,Khaddar,Nishat,images_seg/AW25-55.png,title
AW25-56,images/AW25-56.jpg,blue,printed,Printed Tunic - AW25-56,4490,Khaddar,Nishat,images_seg/AW25-56.png,title
AW25-45,images/AW25-45.jpg,black,printed,2 Piece - Printed Suit - AW25-45,7990,Khaddar,Nishat,images_seg/AW25-45.png,title
AW25-58,images/AW25-58.jpg,black,printed,Printed Dress - AW25-58,4990,Khaddar,Nishat,images_seg/AW25-58.png,title
FS25-60,images/FS25-60.jpg,blue,printed,2 Piece - Printed Suit - FS25-60,7990,Cotton,Nishat,images_seg/FS25-60.png,title
FW25-05,images/FW25-05.jpg,multi,printed,2 Piece - Printed Suit - FW25-05,7490,Khaddar,Nishat,images_seg/FW25-05.png,title
FW25-19,images/FW25-19.jpg,green,printed,Printed Shirt - FW25-19,8490,Khaddar,Nishat,images_seg/FW25-19.png,title
FW25-25,images/FW25-25.jpg,black,printed,Printed Dress - FW25-25,5990,Khaddar,Nishat,images_seg/FW25-25.png,title
FW25-30,images/FW25-30.jpg,black,printed,Printed Kaftan - FW25-30,6490,Cotton,Nishat,images_seg/FW25-30.png,title
FW25-41,images/FW25-41.jpg,blue,printed,Printed Dress - FW25-41,8490,Raw Silk,Nishat,images_seg/FW25-41.png,title
FW25-12,images/FW25-12.jpg,multi,printed,Printed Dress - FW25-12,7990,Cotton,Nishat,images_seg/FW25-12.png,title
FW25-58,images/FW25-58.jpg,green,embroidered,Embroidered Shirt - FW25-58,17990,Raw Silk,Nishat,images_seg/FW25-58.png,title
PW25-409,images/PW25-409.jpg,grey,embroidered,3 Piece - Printed Embroidered Suit - PW25-409,11990,Khaddar,Nishat,images_seg/PW25-409.png,title
PW25-570,images/PW25-570.jpg,multi,embroidered,Printed Embroidered Shirt - PW25-570,6490,Karandi,Nishat,images_seg/PW25-570.png,title
PW25-576,images/PW25-576.jpg,white,embroidered,2 Piece - Embroidered Suit - PW25-576,12990,Khaddar,Nishat,images_seg/PW25-576.png,title
PW25-293,images/PW25-293.jpg,green,embroidered,2 Piece - Printed Embroidered Suit - PW25-293,6490,Karandi,Nishat,images_seg/PW25-293.png,title
PW25-548,images/PW25-548.jpg,rust,embroidered,Embroidered Jacket - PW25-548,8990,Karandi,Nishat,images_seg/PW25-548.png,title
PW25-328,images/PW25-328.jpg,yellow,printed,2 Piece - Printed Suit - PW25-328,9490,Linen,Nishat,images_seg/PW25-328.png,title
PW25-364,images/PW25-364.jpg,orange,printed,2 Piece - Printed Suit - PW25-364,4990,Khaddar,Nishat,images_seg/PW25-364.png,title
PW25-365,images/PW25-365.jpg,yellow,printed,2 Piece - Printed Suit - PW25-365,5990,Khaddar,Nishat,images_seg/PW25-365.png,title
PW25-373,images/PW25-373.jpg,yellow,printed,2 Piece - Printed Suit - PW25-373,10990,Jacquard,Nishat,images_seg/PW25-373.png,title
PW25-374,images/PW25-374.jpg,white,printed,2 Piece - Printed Suit - PW25-374,8990,Jacquard,Nishat,images_seg/PW25-374.png,title
PW25-195,images/PW25-195.jpg,brown,embroidered,3 Piece - Basic Suit - PW25-195,12990,Jacquard,Nishat,images_seg/PW25-195.png,clip
PW25-383,images/PW25-383.jpg,black,solid,2 Piece - Basic Suit - PW25-383,5990,Linen,Nishat,images_seg/PW25-383.png,clip
PW25-384,images/PW25-384.jpg,grey,solid,2 Piece - Basic Suit - PW25-384,6990,Cambric,Nishat,images_seg/PW25-384.png,clip
PW25-385,images/PW25-385.jpg,black,printed,2 Piece - Printed Suit - PW25-385,8490,Cambric,Nishat,images_seg/PW25-385.png,title
PW25-386,images/PW25-386.jpg,yellow,printed,2 Piece - Printed Suit - PW25-386,7990,Cambric,Nishat,images_seg/PW25-386.png,title
PW25-123,images/PW25-123.jpg,black,jacquard,Basic Trousers - PW25-123,2290,Karandi,Nishat,images_seg/PW25-123.png,clip
PW25-114,images/PW25-114.jpg,white,jacquard,Basic Shalwar - PW25-114,3490,Karandi,Nishat,images_seg/PW25-114.png,clip
PW25-127,images/PW25-127.jpg,black,embroidered,Embroidered Trousers - PW25-127,2790,Karandi,Nishat,images_seg/PW25-127.png,title
PW25-121,images/PW25-121.jpg,black,jacquard,Basic Shalwar - PW25-121,3490,Karandi,Nishat,images_seg/PW25-121.png,clip
PW25-153,images/PW25-153.jpg,black,jacquard,Basic Trousers - PW25-153,2290,Karandi,Nishat,images_seg/PW25-153.png,clip
PW25-154,images/PW25-154.jpg,black,jacquard,Basic Trousers - PW25-154,2990,Karandi,Nishat,images_seg/PW25-154.png,clip
PW25-155,images/PW25-155.jpg,black,jacquard,Basic Trousers - PW25-155,2990,Karandi,Nishat,images_seg/PW25-155.png,clip
PW25-125,images/PW25-125.jpg,white,embroidered,Embroidered Trousers - PW25-125,3790,Karandi,Nishat,images_seg/PW25-125.png,title
PW25-159,images/PW25-159.jpg,beige,embroidered,Embroidered Shalwar - PW25-159,4490,Karandi,Nishat,images_seg/PW25-159.png,title
PW25-160,images/PW25-160.jpg,beige,embroidered,Embroidered Pants - PW25-160,2990,Karandi,Nishat,images_seg/PW25-160.png,title
PW25-161,images/PW25-161.jpg,beige,embroidered,Basic Pants - PW25-161,3490,Karandi,Nishat,images_seg/PW25-161.png,clip
PW25-162,images/PW25-162.jpg,beige,embroidered,Basic Trousers - PW25-162,3490,Karandi,Nishat,images_seg/PW25-162.png,clip
PW25-117,images/PW25-117.jpg,white,embroidered,Embroidered Trousers - PW25-117,3490,Karandi,Nishat,images_seg/PW25-117.png,title
PW25-163,images/PW25-163.jpg,white,embroidered,Embroidered Shalwar - PW25-163,3990,Karandi,Nishat,images_seg/PW25-163.png,title
PW25-164,images/PW25-164.jpg,white,embroidered,Basic Pants - PW25-164,3490,Karandi,Nishat,images_seg/PW25-164.png,clip
PW25-165,images/PW25-165.jpg,white,embroidered,Basic Trousers - PW25-165,2990,Karandi,Nishat,images_seg/PW25-165.png,clip
PW25-166,images/PW25-166.jpg,black,embroidered,Embroidered Trousers - PW25-166,3490,Cambric,Nishat,images_seg/PW25-166.png,title
PW25-170,images/PW25-170.jpg,white,jacquard,Basic Trousers - PW25-170,3490,Cambric,Nishat,images_seg/PW25-170.png,clip
PW25-173,images/PW25-173.jpg,beige,jacquard,Basic Trousers - PW25-173,2490,Cambric,Nishat,images_seg/PW25-173.png,clip
42503550,images/42503550.jpg,blue,printed,3 Piece - Printed Suit - 42503550,5690,Khaddar,Nishat,images_seg/42503550.png,title
PW25-565,images/PW25-565.jpg,grey,embroidered,Embroidered Shirt - PW25-565,4990,Karandi,Nishat,images_seg/PW25-565.png,title
PW25-78,images/PW25-78.jpg,rust,embroidered,2 Piece - Printed Embroidered Suit - PW25-78,9990,Khaddar,Nishat,images_seg/PW25-78.png,title
PW25-430,images/PW25-430.jpg,blue,embroidered,2 Piece - Printed Embroidered Suit - PW25-430,10990,Karandi,Nishat,images_seg/PW25-430.png,title
PW25-580,images/PW25-580.jpg,black,embroidered,Embroidered Shirt - PW25-580,5490,Karandi,Nishat,images_seg/PW25-580.png,title
PW25-280,images/PW25-280.jpg,brown,embroidered,2 Piece - Printed Embroidered Suit - PW25-280,9990,Khaddar,Nishat,images_seg/PW25-280.png,title
PW25-142,images/PW25-142.jpg,black,jacquard,Basic Trousers - PW25-142,2990,Karandi,Nishat,images_seg/PW25-142.png,clip
PW25-289,images/PW25-289.jpg,brown,printed,2 Piece - Printed Suit - PW25-289,5990,Karandi,Nishat,images_seg/PW25-289.png,title
PW25-292,images/PW25-292.jpg,multi,printed,2 Piece - Printed Suit - PW25-292,5990,Karandi,Nishat,images_seg/PW25-292.png,title
PW25-511,images/PW25-511.jpg,black,jacquard,2 Piece - Basic Suit - PW25-511,7990,Cambric,Nishat,images_seg/PW25-511.png,clip
PW25-324,images/PW25-324.jpg,yellow,embroidered,2 Piece - Embroidered Suit - PW25-324,9990,Khaddar,Nishat,images_seg/PW25-324.png,title
PW25-244,images/PW25-244.jpg,peach,embroidered,2 Piece - Embroidered Suit - PW25-244,5490,Cotton,Nishat,images_seg/PW25-244.png,title
PW25-217,images/PW25-217.jpg,pink,embroidered,2 Piece - Printed Embroidered Suit - PW25-217,7990,Karandi,Nishat,images_seg/PW25-217.png,title
PW25-427,images/PW25-427.jpg,beige,embroidered,3 Piece - Embroidered Suit - PW25-427,14490,Karandi,Nishat,images_seg/PW25-427.png,title
PW25-568,images/PW25-568.jpg,pink,embroidered,Embroidered Shirt - PW25-568,5990,Karandi,Nishat,images_seg/PW25-568.png,title
PMD25-19,images/PMD25-19.jpg,multi,embroidered,3 Piece - Embroidered Suit - PMD25-19 D,3294,Khaddar,Nishat,images_seg/PMD25-19.png,title
AS25-102,images/AS25-102.jpg,pink,printed,Printed Tunic - AS25-102,3990,Khaddar,Nishat,images_seg/AS25-102.png,title
PW25-01,images/PW25-01.jpg,black,embroidered,2 Piece - Printed Embroidered Suit - PW25-01,5990,Cambric,Nishat,images_seg/PW25-01.png,title
PW25-457,images/PW25-457.jpg,beige,printed,3 Piece - Printed Suit - PW25-457,17990,Jacquard,Nishat,images_seg/PW25-457.png,title
PW25-494,images/PW25-494.jpg,green,printed,3 Piece - Printed Suit - PW25-494,13990,Karandi,Nishat,images_seg/PW25-494.png,title
PW25-108,images/PW25-108.jpg,beige,embroidered,Basic Trousers - PW25-108,2290,Cambric,Nishat,images_seg/PW25-108.png,clip
PW25-381,images/PW25-381.jpg,purple,solid,2 Piece - Basic Suit - PW25-381,7990,Khaddar,Nishat,images_seg/PW25-381.png,clip
PW25-323,images/PW25-323.jpg,black,embroidered,2 Piece - Embroidered Suit - PW25-323,10990,Khaddar,Nishat,images_seg/PW25-323.png,title
PS25-161,images/PS25-161.jpg,beige,jacquard,Basic Trousers - PS25-161,2990,Cambric,Nishat,images_seg/PS25-161.png,clip
AW25-42,images/AW25-42.jpg,brown,printed,Printed Dress - AW25-42,4490,Khaddar,Nishat,images_seg/AW25-42.png,title
42502160,images/42502160.jpg,green,printed,2 Piece - Printed Suit - 42502160,3490,Lawn,Nishat,images_seg/42502160.png,title
42502154,images/42502154.jpg,brown,embroidered,2 Piece - Dyed Embroidered Suit - 42502154,5990,Cambric,Nishat,images_seg/42502154.png,title
PW25-46,images/PW25-46.jpg,multi,printed,2 Piece - Printed Suit - PW25-46,5490,Cambric,Nishat,images_seg/PW25-46.png,title
